-- phpMyAdmin SQL Dump
-- version 4.5.4.1deb2ubuntu2
-- http://www.phpmyadmin.net
--
-- Host: localhost
-- Generation Time: Nov 01, 2016 at 03:35 AM
-- Server version: 5.7.15-0ubuntu0.16.04.1
-- PHP Version: 7.0.8-0ubuntu0.16.04.2

SET SQL_MODE = "NO_AUTO_VALUE_ON_ZERO";
SET time_zone = "+00:00";


/*!40101 SET @OLD_CHARACTER_SET_CLIENT=@@CHARACTER_SET_CLIENT */;
/*!40101 SET @OLD_CHARACTER_SET_RESULTS=@@CHARACTER_SET_RESULTS */;
/*!40101 SET @OLD_COLLATION_CONNECTION=@@COLLATION_CONNECTION */;
/*!40101 SET NAMES utf8mb4 */;

--
-- Database: `slackoverflow`
--
CREATE DATABASE slackoverflow;
USE slackoverflow;
-- --------------------------------------------------------

--
-- Table structure for table `answers`
--

CREATE TABLE `answers` (
  `answer_id` int(11) NOT NULL,
  `answer` varchar(5000) NOT NULL,
  `responder_id` int(11) NOT NULL,
  `question_id` int(11) NOT NULL,
  `is_best` tinyint(1) DEFAULT '0',
  `num_upvotes` int(11) DEFAULT '0',
  `num_downvotes` int(11) DEFAULT '0'
) ENGINE=InnoDB DEFAULT CHARSET=utf8;

--
-- Dumping data for table `answers`
--

INSERT INTO `answers` (`answer_id`, `answer`, `responder_id`, `question_id`, `is_best`, `num_upvotes`, `num_downvotes`) VALUES
(118, 'Belay me six pounders keel chandler coxswain fathom squiffy matey doubloon. Fore poop deck capstan dance the hempen jig Letter of Marque barkadeer tack salmagundi heave to parley.', 6, 83, 1, 2, 0),
(119, 'Belay me six pounders keel chandler coxswain fathom squiffy matey doubloon. Fore poop deck capstan dance the hempen jig Letter of Marque barkadeer tack salmagundi heave to parley.', 6, 84, 0, 1, 0),
(120, 'Belay me six pounders keel chandler coxswain fathom squiffy matey doubloon. Fore poop deck capstan dance the hempen jig Letter of Marque barkadeer tack salmagundi heave to parley.', 6, 86, 0, 1, 0),
(121, 'Belay me six pounders keel chandler coxswain fathom squiffy matey doubloon. Fore poop deck capstan dance the hempen jig Letter of Marque barkadeer tack salmagundi heave to parley.', 6, 87, 0, 0, 0),
(122, 'Snow deadlights loaded to the gunwalls carouser lanyard splice the main brace parrel lookout gabion aye yardarm reef Plate Fleet hulk aft Chain Shot grog blossom yawl Privateer Sink me holystone heave down pressgang list schooner.', 5, 88, 0, 0, 0),
(123, 'Snow deadlights loaded to the gunwalls carouser lanyard splice the main brace parrel lookout gabion aye yardarm reef Plate Fleet hulk aft Chain Shot grog blossom yawl Privateer Sink me holystone heave down pressgang list schooner.', 5, 84, 1, 2, 0),
(124, 'Stern driver tender nipper skysail hail-shot draft bilge rat hands mizzen. Furl belay cutlass long boat matey spanker Cat o\'nine tails man-of-war jury mast chase. Shrouds yawl lee keelhaul aye skysail come about Shiver me timbers lanyard careen. Blimey chantey transom long clothes hulk Sail ho dead men tell no tales chandler handsomely no prey, no pay.', 5, 87, 0, 1, 0),
(125, 'Stern driver tender nipper skysail hail-shot draft bilge rat hands mizzen. Furl belay cutlass long boat matey spanker Cat o\'nine tails man-of-war jury mast chase. Shrouds yawl lee keelhaul aye skysail come about Shiver me timbers lanyard careen. Blimey chantey transom long clothes hulk Sail ho dead men tell no tales chandler handsomely no prey, no pay.', 12, 83, 0, 0, 0),
(126, 'Boom prow splice the main brace come about chase guns keelhaul Privateer interloper cutlass lookout. Squiffy Jack Ketch six pounders sloop stern chase Chain Shot Admiral of the Black bilge rat lad.', 7, 83, 0, 0, 0),
(127, 'List loot coxswain lugsail lee trysail strike colors yo-ho-ho loaded to the gunwalls overhaul. Plate Fleet lookout carouser transom hulk dead men tell no tales killick draft loot salmagundi. Cog quarterdeck reef ballast lass parley sheet chase guns run a rig gibbet. Black jack sutler Pieces of Eight no prey, no pay Plate Fleet lad bilge water schooner cog draught.', 20, 84, 0, 0, 0);

-- --------------------------------------------------------

--
-- Table structure for table `images`
--

CREATE TABLE `images` (
  `id` int(10) UNSIGNED NOT NULL,
  `data` longblob NOT NULL,
  `mime` varchar(50) NOT NULL,
  `name` varchar(255) NOT NULL,
  `avatar_user_id` int(11) NOT NULL
) ENGINE=MyISAM DEFAULT CHARSET=utf8;

--
-- Dumping data for table `images`
--

INSERT INTO `images` (`id`, `data`, `mime`, `name`, `avatar_user_id`) VALUES
(21, 0xffd8ffe000104a46494600010100000100010000ffdb00840009060712131215121012151615151515151516151515151615151515171615171715181d2820181a251b151521312125292b2e2e2e171f3338332c37282d2e2b010a0a0a0e0d0e1710101a2d1e1d1f2d2b2d2d2d2d2d2d2d2d2d2d2d2d2d2d2b2d2d2b2d2d2d2d2d2d2d2d2d2d2d2b2d2d2d2d2d2d2b2d2d2d2d2d2b2d2d2d2d2dffc000110800e100e103012200021101031101ffc4001c0000010501010100000000000000000000040001020305060708ffc4003e1000020102030505060406010305000000010200031104213105124151610622718191131432a1b1c10742d1f02333526292e17215a2f14482b2b3d2ffc400190100030101010000000000000000000000000102030405ffc4002711000202010304020203010000000000000001021103122131041441511361223242719133ffda000c03010002110311003f00f4118d12431b003b31bac5ff004e6eb3c5d3247adaa268ae2af943e8e1491317098360e09d2f3abc330b4d7163b7f918e59d7005ee062f7033543092169d2b044e7f9e4647fd3cc89d9e66d4568fb588bb89188767b489d9ed376d15a2ed17b1f732300ecf6913b3da74368ad0ed17b1f73239cf7178fee8fca74368b7445dafd8772fd1cefbbb728bd89e53a128237b2113e95fb1f73f4600a47944691e537bd88e517b11176b21f73f473e689e52aa8a06a274a688e533f1f8416876ed30ee13315545e148a24861849fb29bac1462f383d4a620b530f7e134bd9c6dd12d6348ce595994b8397a61ed0d3691632d2464db65229c72b24cd205e310dbb1a2de8a0068d422f2208955739cac1983c68ec59184391699b89da8c86c0437840ab61ee629614e20b2d3126de6e20c213b4238de0cd8312a381130ede6b8669f2c1f28d8a5b750f184a6d743c44e6aa60ed3231ac578c96b343c9496391e869b454f1967beaeb79e5b4368bdeca4df80bc3f19b52c9bbbd73c6e721fac21972b74c52c305b9d56d2ed553a40d94b5b9643c89d672f53f122a16216922ffc98fd009858eaad50002e4d8e67801d384c75d8ec58eeb124ead990be2da13d04df54bcb23425e0ebeafe24575d69d21e2c47c889cee3bf1571a49dd5a6a07204fcef399da5b19975240bea4dd8fefd260d7a241b5b2be42ff33cccab6fc8a92f077388fc4fc615fe7053fda82ff3047ca0b4bf1336829b8a8587274423ae6aaa6d38524927a6a7ec24989551deb5f4191fac2867b2f65bf16f7dc53c6a0a77d1c1baf9ff004cf52c1e369d550f4d8303a10419f2454a8a2c35cbccff00a9b5d96ed962304e1a893b97ef5337dd3ffe4f5129392fb25c533ea6836374997d99ed2d2c5d15ab4cea3307507883d61d8aab711cb226b6335069ee6654ad6959c4c955483b242d92d22c35e31ab2931a3dc2cb4bc5795812c025221b20e6577965412a8c487bc51a2886695719cac097d619c805899a21d46529619c2ad941df58fc0bc8ad15a3c68014d6194e5b6e89d655194e676fb045676d145e6593835c67295b1c50ee53b06fccfa95bf012fc39206fb126fc58d891e3c0784c4f7e39b2816199deb8bb1f0d4cb767e12bd7fe23e697b5b3fa0d7c2425468d9ab5718a2e0b86fed0422f4e6cc3d2569b6eadacaa2c34b0b095e229ee1ce99b03c2e3d253ed81cd5d97c173b78fde348564aba567b35422dfd27202ff5339fc6a05bef8b3127f7d26f52a8c3e1463d49ccf5caf067c1a66cc46f1e26edbbebf11f946a80e56ae1c1165049bdceb04a944ef6832d00ced3a8c4aa530429b9b676ebc2fc49ff007332852ef5cfeee738ec54633d26166e2d7373d0dbec642a83cbed36318b7dd5519e7f3373f32651ee8d95febf686a1d1d3fe15edc34ea3522d6bd8804fafd67b5e1aa1617267cdd4f056ef29b329b823ef3d63f0efb57ed47b0ac6d514002e7e2ea3ac9492958a575477ae20f50425a50e26a73b062220b2edc8fbb025b2b0b25692b4696495d41282212d2b2b0045568d2ddd8f019a5506712acb1c671d44866a889592a582be6658ab34117282560c0860447f7010d8f2b48ac04e01679f7e2657444f6200009058ea4db30a33f0e13d38cf1ff00c4c01b165430246ed94d877b745f33e224648d51a637c9c6e0b0a5d833b59740a35fdf59aa6aee8dc4b817cacc7fd7ce5386c3b2d811773e607427a4e8366ec06fcd7b6a7af199c9d23582b663252ada6f337424903c24aa60d88cc37c889d8e1f652ac246053809cee6cea58a279efbb5502c16fea08f38e767d5d4b7a667cee27a03e0938812270a9c0086b915f140f3f6d92c458963e407da5153b3dc98f81179e8c282f294d4c3af286a97b1fc70f479d0d8bba6e067cc927eb22d8237cec7a5a77589c3adb49878ca16e117c8ca78956c72d8bc11504aea203471869bad5a7932916e87f49d3b25cce6368d0dd723407ebfa4e8c72b471e58d33ddfb31b65715874aaba91661c986447acd233c7bf0936c1a7897c331eed41bca3fbd75b78ae7e53d8889b238e6a9918a2318b4a466c52263ef4898c922d1a398e0443446292b4780cd17d62531549183468997a73852e257898353d2038bd62a695a04edd1b1ef2bce2f795e73063ac5aa45e946e9c42f39e5ddaea9bf8bac05356d3777b740c9541cfc676c5ad384ed8d2635d5d49b1198536bb0cb336d33121c9be4b514b828ecf60cbbef301965ddf87c04ebd7a4c6d9648417d48190e17e134c3e5224cd60b7134833445e301391f276ae09b9ca55716d25ab22eb94a430776ca52dc65e5067d7eb22e3223c3944c6bd19b8879978a336aba1f49938da2784ce8b7c18aadde33376cd00e33d61f55ac4c0f12c18da74e274ce4caacc6ecb129b42813c2a0cc72208cfd67d0c5b29f39d52cb88a2c0e9514f1b06561adb39f445307716fad84ea479d9462f205e44c6956645aa64ed20a259694491b49011ed1c088a1ad1478d015875539c8831ea6b2134a0d41348e507ae9732ea5a47ddce0d6c34f70534e214e18523049345ea03ad4f29c3768180701af6b8f5d27a0d74ca70d8c4a75f7a9d75b8b91c41078152273667a68ebe9e0f227f45586db545db769dee0780861ac4df90d3ef39babb2774b6e85001b0205b2e794cdda5b25fbd56adda9851dd0ed64b1376284e633198be932c8ecd609c4eb5b6c5007743176cbbb495aa11e2101b79da518bed2ee8cb0f5cf4b5307ceef94a766d25a387a76b282819ad902c402c7d4fd2656d0db351416a341980fcc54e77e3623499a7bd246bbd5d9a2dda3afbdbab84aa6f6372500d2fcef2387ed6afb4f658846a4c6d6df042b5f93697e932b07b76b3070ca06edac4a30041d79119e5a4bdf1095942d45d48536ef0cf4cf84b6ab9428b93dd33a8a98816cbc603b436bd3a79bb01e1992679cecfd8f8aab5710b4ab9b537284b124824f017b5e05b2f0b52862dd2ab35464516bb1617622c6c4f00657c71f6279a54b63b9c57689dafec68338cfbc59507cee4c0df69e348cb0d4878d6726dfe1153ab51948a684919f745813cb7ad6e997381354c69650d4885b77af7001b9d0ef5f4b44a37ba481c9f96ccfc663eb8f8a953d7f2d46bffdcb007db081acf743c9b4f222e26a635cb1b3039697b5c74b8d44c1db9820cc806576b75b5ae7e92e14dd333c9a97069eccc32d4c55115ae8951d1d4b8c9959bba45f22188b72ce7bf3259401a002790f623677bd6269257375a14d0270fe1d2b0a632ea413e7ce7b1620653a23c1c79b6a0168c23b4681816a4b65492d940211e211e031a28a280063c84b1e426a882da52e512aa72f5831a1c891025844688b29c40ca708e82eec789f982677d5c6538ec6d1b3328e07eb9ce3ea93d99e8740d5ca2c17d9034afaef7c84c6c4d3ba3d36c9594a9bf2616c84de4a76a617539fcc9fd667253bb79e7e53966f8674c63bb462ec6a26b52a6ccc6f4c7b37523f3d33ba46672d2fa4db6c62a0b0b72b687d26563b075a9557ad40aff12ded29b5c2b902c1830f85fcad612a7db847f3b05549e6a52a7a124416eed14928add1757c66f1eeab1cf411557f6746a55a81515549f2e173e260a9da604da9e1ea8e8c00fa415a957c75454a8a29e1d183b2deed50ae818e800e52d5ae781376aa28d3ec1ece2b85351c59ebbb556e766f807f8dbd6737da9a229636956392b7f0ea1e573dd3eb69e8d40db865c2d38bed8e181a855c5c30cc18a32fcaca9e3fc34af068256a800ee83e195fa49d4c631163498795e73bb2b198ba281022564192972c8c179160083e36861db58bb777094c75f6cc47ff005cadc98bdb87fe01ed8a41883ba4000e66d99e400fbeb39bc41dea8a3fa733d0b64065d2feb35f6a7bd3f7aa15407f2a2927fc98dbe533e9a0046ee84ebc6fc498e0e8c7226d9db7e1b506f7cb8d3d9927d5409ea3899e73f852acd5aa3f044ddf12cc08ff00e27d67a36267543f5383a9fdc05a308ed12c68c196d3964824b250908478d78c5a22894521bd14003de4649e34dd19b2ca7084128a70941132a2398d2664622caeae9395da3fceb5ed717f1b1cfeb3acaba4e03b5fb4050ad46a37c3bc55ba2b0209f2d661d47e86fd33ac883313616ddffc5a66d42149f530bc4e314006e2c4a807fe46c203885d739e64dec7ae9530835d77577872b0d73b46ab516c6669aa2c37b869e301a98a7a86cb92e9bdcfc24a6cd6956e1574deb05b9e807ce6ae130d717bdbc0f281602885c87af396e2f0cc73462a7a1b7d26aac4da3468ada73fda9a0a733e22114b6895eed53661a13c7fdcc5dbdb537c6eae663b25f1b8f84c49002a1bdc69c269e1f1209b30dd3cb81f09cd6ce6208266b54c4ab0ef70d2da83d0c99208c95176d6dddd3eb389a8dbac6c320df59d1626b92a54e795efcc0fbcccd9bb31ab56a7496dbd5037c5a6409e1d018f1eeccf3b556775f850a2d5edcd33f263f79dbe2605d95ecfae0e80a60ef313776e67f4b5879437133d24aa28f173494a6da0131d623129823365c92d95539718c454c6437a3546951688a2dde8a5378f00369e34768d374665b4e12906a7094899712463494692595d5d27967e2a7c2be33d52b693cb3f14812a800b92d6006a49d00131ea3f435c1ff4479ad3da5515a9ef546294dd5829248003026c3ca7a9d439cf3f7ec6e2cea2983c55aa0b8e86d7b19db6cea4eb4a98a8417550ac54dc1602c739e7e4aa3d383dc7a9473cf9fc8de471381b2f72d9690b234bf8791e31f7ce9cb59923a0e4a97695a9d4f655e83a1d55b2dd61d0df39d151da5bc15b75f31719137108c5ecf4a8bbaea194f022f2385c3b53016915b28b2ab8247f9020cdd28be3633a92fb33f68d6a75173cb9122d30eb2283dd04f919d7d6c6570a15f0a840b66b532241ccee95cbe7323696d0ae490285351622f72c73391e12b405cdff001395da9b44511de537034b8cefa43360ad4ae379d3710e809b96ff00504ad82dea81ead9d8580c8003ca75185b228e76939292db9262a57f903ed8dd450aa05db2cb80fde50bec46cf2f8f5234a097247f5302a07cd8f94cb153da543533363dd033b9d0003a99e95d89d8670d449a9fcdaa77dfa13a2f80161eb34e9b1dbbf463d5644a3fd9d0bc07150da86018933b99e382189634909086cba94b1e574a4ea4a102549093a920249428a3c510cdb68d13453a4c8b12154e08b0ba7132e24e28a292595d5d272f88d9a2ae251d85c51ef8ff009e8be999f213a8aba4ce45b799bccf270541ee72bda5c06e3b5506caf99ff9019face6f615624541c883eb91fa09e93b47062ad36a6dc46bc8f03380d8d806a5ed51c59c359bcafa74cc7acf3b342a567a5d3cf52af415bdc38191bd8e7e113291236be5313aac31646b0e327847cac65d612d0d3b326abb0d3480e2118cdf7a2b01c5802536d17673628d9ee7848636b9bee8d4e5e5c4c3314c1413cfe9306ae23366e2725e807182dcc26e8ecfb03b3855c416b77280ccf3a8465e8b73ff00b84f4d69cefe1e603d960a99b59aa0f68dceef9e7e0081e53a169e9c21a6347919f26b995b98162218f02c4419802c989112422065d4e2aa63248b98c452f222398ad20a1478a2801b0f108ce641ab28d4ce8b4455f05eb0ba732fdf54738efb5adf0af999129a358c25e8d6946271494c5d8f1b5b8de63d4da8edc6de100c51df04313e3d784ce593d1aac5ecd67da459ada2fef8cb673586c4ef5d5b275c88fb89af81c4df23e532d765cb1d701e0ccadb380bdeaa8ced66ea0687c44d48f14a2a4a8509b83b471452f28713736b60771b7d47718f7bfb49fb198f505b29c528d6ccf5212535681fdadb312431408d738362139406ad13ac8d45a46b3e2399b40f17885b6b331c1e660954733f3957636da2bda78bbe4ba7d84cba540bb2a5ec5d953c0310b7f9c9e36af0116194b380bf97bec795b4f989b4366ace69be4fa0b09482a2aa8b00001e168ed04d93b4e9d6a6a51c1c85ec743cbc616d3d3f0790f92a7815786bc0ebc86483811478a2116a091a824e988d563006314768d24a15a2928a1403b55275264093225a48199367625456635e5e2c654eb019188c888f10e81f15852ddf43671a1e639190c2e2f7ae0e4cb930e20c337b840b1f852dde53bb507c2dc0f4325aadd14b7d99b582c703936b0ebce330d8c24ee38dca8351cfc3989b582da16eebfac6a4673c7e8d87008b1170672bb6f0269e63343c7fa7a19d3abf111380c086170758a7052418b2bc6ce04d41c38c8ba822d0eda7b18876386ef283664be60ebdde63399c1ac4837078822df59c728d1e9c66a5ba06ab4ad79918fc97a4d9c4d4b09cee3cbd46dca4a5cf00a2ff00bf18a2393d8c6c45500f5e1ce74780c19a54096f8ea667a0e03f7d64b03b185022a565152a65ba83e1424db5e261bb63e32bc891e935524dd23966b639ec2ed2ab45cd4a4c5585f3e76e047113d33b3bdb9a75507b61b8d617e2a7c0cf30c653c8f5bffdda7d615864b5adc04eb8c9a39a50523db2962d1c5d1811d0caab09e4e31d5133562a468419d06c5ed7b1b2d717fee1af9896a77c984f035c1d8da294e1b188e2e8c0c200968e769a2ca723564d048558c01da3088c524a271468d002839494938b894a9e1c47d26277725d15e403c57e1010888cd24626101a224c56b88a340603b4304af9370f8586abfeba405714d4cee56e392d40323d0f233701be444a3114010410083ade43894a5e07c2634af51357ded770b83a024fa4e49a83d2ce9dde9f14e2bd4739753c42ba92a6e08b107e60c2c4e09ee6decf000bdf36cc8e64f192c7e092b29561e0788f0332b0b54a7c0777e7972cef0dc2d70c7e3bb78fdad33b495503bbbb3913b2aa356340902d9b31d02f3ebe134968d3a5fc3a02cbf9d8fc4e7a9e5d349b55d945ce5736de6e76d0780b99986a2f013292db637d6e5c80d151ed0b1d298def31920f5b7a4e7f175aecd7cf9f9ce9b68f729eefe673bc7c0642fd2f79c862582e99dcf9b31e3e12b063d24ce560d514b3db9667ec2194a98e92385a1619ea733e3fa43529ce933481f102352a7632dc40bb5a5c94e300ac13106e0d8cdcc1ed474d4ef0e47ec6625010b064ea6b813827c9d76cfda8954774d88d41d61151a79fd5621aea483c08c8cdac0ed9a9bbdf1bdd743fa4d54fd9cd3c0ff89d04504c0e3d2adf74f786aa751fa885cb460d344a3478a31185830d40fb324b27e5bea3a5f8c3b104801c67e1c4455d41c9bc8fef483616b6eb1a6d6d2e3a8e939cf4390b078f03242554c5aebc387847a6dcf51979460100dc44a650ad66b739636b9c044d848c70d24738014e864898d52210020eb33317810c77d4ee3f31a1f1134de555299325a293310e34a1ddae374f0619ab42e9d72335b1bf1cb4f18656c3022cc01bf02329898ac29a79e1ee0ea50e6a7ca4b5ecb2fc43556d4803f7c2526b6e69727ac0f17b7c6e0ee9df396e8e7fa404e1ebd4b176280fe55f8bccf093a50166d5da04e4ed9f051af4ca0f83c131fe238f01c8748661b63aa9bdbadce64f899a3ecb9692d019e30d2cdcb2c2cd2103da2f6014718c182515bb5ed943373a49e1b0f6039feef2d558d888d31a4240b48aa49b1b49181b2ddaff00be30ba4b208b0ca2b940465ed025583264471194d7d91da20484ad913a3703e3cbc666e385f4e102c5595778f0225c5d194e0a5c9e83ed1798f5114e33dad3e7f2114d3598f6ebd9d354f84f941abfc49e0df68d14c8e845d4b879fd22fcc628a003d5f884baa451462153972451400aaa482c51400989131450632bada412a6be5f611452596b8396ff00d67f94d86f88fef945149432c69078a28c07a9f0998b8ffe68f1fb4514684cd15d079fd649748a2830249ac76fdfce28a2192a5afac20478a0233711f14cddaffc9fdf28d14a44918a28a501ffd9, 'image/jpeg', 'bg.jpg', 12),
(22, 0xffd8ffe000104a46494600010100000100010000ffdb00840009060713131215131312161615171818181717171815171517181718171717171517181d28201d1a251d1d1521312125292b2e2e2e171f3338332d37282d2e2b010a0a0a0505050e05050e2b1913192b2b2b2b2b2b2b2b2b2b2b2b2b2b2b2b2b2b2b2b2b2b2b2b2b2b2b2b2b2b2b2b2b2b2b2b2b2b2b2b2b2b2b2b2b2b2b2b2b2bffc000110800bb010d03012200021101031101ffc4001c0000010403010000000000000000000000040203050600010708ffc40043100001040004030405070b0403010100000100020311041221310541510613226132718191a10716525593b1d114234262728292a2c1d2f0243353f11554b2e108ffc40014010100000000000000000000000000000000ffc40014110100000000000000000000000000000000ffda000c03010002110311003f00ace23172ff00cb21fdf77e28513487f4dffc4efc53e586a9646ce481b648f07d277bca70bc9e67de512ec358f3496455ad5a01984a3b0cc35aac6b1bd115035037dda5b85688b6b56a585045968b4dbb444cac4d65402482d21ad348c30f34d382012b92d98c9d0027c93d48ee130073adcd25a398eba5027db7d7441ae13c04b9d4e3e269b23420800920fb2f5ffb4fc581833b816ba8137e2d8501cced77cfa79a73b3fc07192bb33896e52403590baf5686d1d5b7ead15a0760fc2d75e4939e573cf5f4466a1b91cf9a0470feccc2f88660f65dbac1ce763555f1dc6ca338af631cd371bc16ebe916837c85920127fa1569c1f0c9208dad2e0434555ec46d4ee5cfa7b14371582724e471268d0bb076f09d681b0d3a5591d0a0a0e3706e8dd447bb6e5b1f5e8901854c71d6b9ad05cc943c380ca3d1cb468deb7ead2abde3498e84b6cb1e5e32e9436d6ef29d34236d34e9b80126c87702a5cf0f24660416e5cd639796b57cfc90a221aa08d726276a3e68420f1228a06a8a5d25009cca819a582236b246adb1c5038c6d2c985adb12e41b2008a1b162e919284c4edb01000115038f54cbe24f619bba0b798fc5e4945a023268cb6d033bcd6c81f8a61d529cebd2d09876f54f9f241bae69cfca16834d269f19bd101b0e2bde8a6c97a1083c3408d658d3e28189621ba0c95232051b230d9e4102d8026dd184b2cd345a8d965032fc3decadbd98e0c7bb19ecd3b351aa69a034f3afbca8ce1f1f89adfa5a9df6d7faae9fc2304d0c3a0d450a40f70fc2d35b4db3408ff0a231180d37dbdfea5250332b40e82933899cb46c4a0a77150f174e35ceaeefdaabf85932b8f8acefa93af5f62b471e78209d891edd8ae6b8d81ed766049d4f3f5d52094e324bdae787fa00920e841bad74d7ff00dd556c7678e2019a390025b4f6901c7355001f637eba9fb90dc478cd42581c0e60411cc78987ee1f047f62b88811bdae2689a1668126c10329be9bf5f240989d261c96b8372900661e838173a9a08aa377e2fd71d696b16cd9c3620122c1209e5e67ad79a5f1ecac7581265a2d20503ae5b70711980d6f983a28fe1ad14456527f45de276fa13b11a56a6f623a20664659d9318a846ea55d17242e221e8823cc696d8913dd7509c6c43aa00df0da61eda5212c5cd0af89034696ea96c0ae49c0db402ccd29a7b3446491a12608062d4e42c3ad2414f6188d7541d0b1918b41cb8614a766c30275434f101b0410ec8eb9594ef75a5a2a1775097de028046c3ad279d842115136910482100d0c1a6c90f675463c143cccb28105e2ab9a8d94eaa49e8696204da00b113b58dcce34341efda90917168b72f0db3a6705b7ecde946f6ece581a469f9d6fff002f54774c5c7c46fccf21f820ed5d9e99924a4b1f1baaa83246970a1af849cdbe6e4ba6708c631a1ad2e01c7f45de175752d3aaf296131fdd7a00e7bd1d6287ac55fc47b54c47db29dcd632539dad71a2757eb55af51d7cfc820f51e3f8ec5182735d6f97c46fa00db2a95c6be53606bfba145c0805b60b81bd01a34d3e56e23980b9371ded4ccec9dd4cdf45de8b89cb406506ce87735e4a885e6eecdf5e683b663be50620f224c348f174724cccc3d40340f8a1315c670b898deec3195b93fdc6486dcd24e87f64f5f8eab92c78b92ec3cdd55f3e9ba544f918ebb20d569cef91f24134fc461cdf7ae766bd0c79730dc10e6b880760742dbbdd4c7678c41d6d95930354cd639456be83fd22741e12fdb9aa4cf0904edd79734c841d83059673dcb03e1793e236e3e8b4eb557a9034ff00a10b3c1dd621d202d63da7bb2c6fa2e6d0a7b48fa4d7027f687b20fb3fc7b14d70c8e2e0c174eb736ba5eed1ea214dcfda1389607c8e0d6b9f958da24826c650457837d35babd29049990100f5d47a933305ac3b3f36dd75160f23a122c8e5a51f6adc8dd1022921b1ea9413ec6a014f44d4ac46cf1a6dacb400775d5613e48c7b690f680792ca0f111e8a49fb21a76de8822c05b60a46082b5299d1075295e6fd6877c87644d6e525b0f92011909dd34f8e8da978a141631bb8a4034525a32378228a8ac85a774a13a095d00f4ad36f728a18ad4e88ec24b683721486a26560d530c7808207b6d80ef30af205b9a43c7b3477f2927d8a892f67256e18e25e5ad6f8486ddb8e62072d06f7bdaeb2482a07b52c8e3c290599985cd02325c0024e995cdd450bd0d800500020e698ac1be32048d7349162c6847569d88f30a6fb1fd97971d318a31b005cfd4358cbd49bfd23b3473d7902a5707c3a710b9d1b0c305592fb9335f28a376ef3a0b007ad75bec1f0d870f1f742a3d8c84badce7d0bccf1bd6dc874415ee31f26186747930e0c6f6814f2e2469ab8bf7bf57ab65ccddd937f785a43db40e6cadce63703fa4d06cb2b6736f96857a0b8b6361f14465686906ce600ff009b2e57daee25859668e185c73e70d6bd86dc09206fd10539fd8ec634676446667d385d9c0f581e26fef00a3b139c0caf0f0efa2ea247af4047b55ed98591d51498bc445201a78ce4781f44efeb692a1b8c7000c69fced8be4d68f3e5cff1414d7b8f35a6df24b745ad272c3402343cf5dfd481586c5bd874245f9903e0ac18fed64cf608835ae0dd49735af6baaacf76e1977035a558d5c7cca99ecf4f93bcf0024b68dd6a2f5f4b9fa905cbb3b8b33c21e5a18478686dd416f96bfe5290960f0a0bb351838769bd439ec2398c9948fe570f7a9991a2a9044be2e6b1ae3b235cdad374b6b001b6a802cba24e4a467535a21671aa01661d504f72231188d744117da05d94c076a94f711ea4cb4140e39fa267284bbea997481075390525c479215d3ebb22637140f3de021e41697232f5e8b6c6d6e823b13860502fc3529d7c76b1d86f6a081110b4fb5b48c9b0daec92604080e4386d928ceead25b87a2503710d3651dda38c16465e3c2d958ed7cac0f890a6c346d6a33b570e6c24d576d6e71fb843fee05040f1be26e9a4c3c0d750748d2483a530e6343d9f00abbc638e62609e46327739b9b471035f72062c4b8ccc759f083ebd013f723311da0883a9b876bced99f7afa9a3920890fc4621f599ee277b27fca56aecff0063678e46ccf6de5d40175eb24293e0d83e292b5aec2f0f6c7765afc8d6170d890653a0079fb9271dc0f8f3c0748e905b1ef6b73f8bc0729680399f756b680eed163cbe20d70199a6da468e690342dff362a9f3f14ef1b4410e04876bcfcbcbf15152710c4b68c85e41d7c40d11b684fb47b13b8578796bb9934ef30761a0ea80097d2b4dce1198d8c35c079a17122b440d427c43d615e3b25f93113492b0776d75e63b0b001bf6ebef5458cd11eb5688e6124430f192f2492d63400db3fa4fae43cd058b83e2db2cf8831ffb41e3291a0272b5a5c079e4f82b0569ea51dc0f86370f1065e63bb9dc89aad0741b7c79a9307440c000dad9669ba7184ef49563984023b640e294cb80e884c4c237415e9589ac8a46480218b0f440365a4cbcd230ec877b2d00ce09973516e8eb45a10a0e8d23354fc4e4ac541453b87c369645a0d34a44ac29fa0136e40dc24a283e922265accbc902c869f6a4b6316888620e1e616bf27a40348c00219ef46ba0d5352e169004d6a75f1e6043b62083ea228fc13bddf24b74674283903787119c6b9a17969d3a12d3b7546f627131603163158b8898fbb94c3a076691a5ba36f4cc351ad6ea57b558531e2dc468d9803d00355f7b4fbc26f1dc20bb0bdd49a5b8bd9aead908d46bb5b68f9e541378df9747e9dd610022fd37e809f20dd42ae3be5771e49b6c354e0006b8503e79944f07ec262a63ab430799bfbac52b5e0be49065cf2e2069a96d65f7b9d482a0ded8bcc6d8e4822786358d6e840a6179048d89b75fb1170f042c862269af2def5e0e869c7f36d1e65b94d7eba3b8a7e49010c8a2648e0740350e236cc4ea42b0c70b8b182439a49087487a922f41d00d290736e2c0f7c010771fe040639d6f3fd3453bda601b8ad0d868f80eaab923ac9283402e89d86c06484bc8f138fc06ca8bc262cd346d1cdedfbd7608610d01a360810eb4a63c80965a93741021afd53bde02990b1c81e2535337da9acc9a92634835290a3e736774f3de9b2cb403382465520e8806a188403399e4b00add1210b36e83a94ba9d79a7e28055724b970c4bb4444386f3411f241aa69f0a977c69070a39a08f8d8b1ccd76470c2a4f7681885b48da1490195c92dbaa00a76d269cdbdd158967fda8ac671bc343625c444d3d0bdb9bf841b4064515734fb20b547e21f28f8561a8db24a7a8191bef7d1f82ae711f94ac5bc11106420f31e37fb1ced3f9505f3b77c303f0fdeb478a237fba6b37b886bbd4d2abfc40096000502f68703b1cc08a27dd5a2e7b8de3789903b3e266707684191f9483b8cb755e54a73b3fc6c39818ff4997ed0eaebe77ef08263091cb150fca48f4391ddda80329b3d76f722ff00f092ccc0e74a5c5c40aa76e4d902c9fd13bf5f51b91e0f8a89a039db8143404d7ad1eced5c4d341bb5f31f0415f6f65a381f988b76b94120869fa4e1a6be5ee5a7f100d25e4fa2d3474e62bfa26bb4dda8651cbcfdfe5fe792a1f13e325e328db73e67d4818e338eef267bfa9a0a3d62c40fe04fe719fb4ddb7dc2bdf66fb5c2bbac49a7374ef0ec7978fa1f3d95270d03b277a2a9ae0cdf505c0d123a6875f24999d521f3dfddafc507680f14905a082b9570ded26230e3235e0b3935c3301fb3cc7bd4f60bb7846934408fa519d7f85df8a0b9b58b4f6e8a3f87768b0b2e826683d1fe03fcda7b8a94ab1635f3dc201026e48d101ab65a8235d16a951c7aa75e3558c1a840de2184041ba352f89208080c5376a4010d168b2d3e2317aa53690762970e39271987e68992137aa5c6d27440148cf24c80a69b87b417106b2263a47b8358d05ce7134001a925046e265a51f8ac7c6c6e791ed6346ee710d1ef2b9ef6a3e538b9c59828c651bcb2b4d9fd88f90db577b973ce218c9677e79a4748eeae375e406c079041d5b8c7ca7e1a3b6c0d74e473f423fe270b3ec0aa3c43e5231d258616420fd06dbbd45cfbf800aa39566540563b8a4f37fbb3c8fbe4e7b8b7f86ebe0820c4e15a41a0d5b216c058f3681b78d11b80e1ee7c45edbcc0f2df442bc68acfd91c4b442e692010e377b006aaf96e69057d9c6e7634b0b8d7307743bf8a487f488ff3aadf1ac4b6495c5a34ba07af9a04840a7ca4ee52162c418971465c4340b24d0484708df1c4d9280ef49c86ce70d8cea47405da5fea1f684c4bc0a58b02667b4b44b3c6c607020b831b239cfa3caf9f92ae3f73eb538259f130ba67cef7bb0e58087b9ce21921ca1cd249d03b2023f5828279d4a0dca9216dc9281411186c53d9e8bdcdfd9711f714385b413986ed3625bb4a4f938077c48b53b80eda7fcb103e6c35fca7f154609c6b90750c2f1b82634d7807e8bbc27e3a1f6229e172b6caa6786768248f4bccde87fa1e482f7238215e83c2f178a52034e577d13bfb3aa34ed48072e4d9614577695dca0ef9243698645aa3c0480dd5021ada5cbfe5e38b18f0b140d346692ddfb1100e23f88c6baa10b8a7ff00d0af19f04de7539f3a3dc81fd7dc83919092d5a6acd8d205d2d00956b1033205b0b6f5a210281492b1a9410672529d9fc6b628f1432832490399193ae40413296f2cc5ba03bd5a8c5914991c1f5794d91d46ce1ed163da8028612ebd0d0de95af81f63862f0e6564f4417b1a32120b98c0ff00ce3ae9a0d800a0b0b1081d6e6b8c52ff00b4fa1e21a5d17742403e6084f6004ef906170666b99d4e87316c72d5977781aed46506cf405055962bff006df8542211538931319f147146c8e08582f3b328d43c1d4d9274374a8b1c24a04c51971006e7fcd549714c6f7ee650cac8e36451824586b2c926b725c5ce3fb49afc9cb435a07e724343a86935f13a7a81ea99c6c7924737e892dfe1d0fc6d04cf66c37fd635bb7e472d93e4e8dc081fb41bf7f255d27552bc3e07b70d3ced232f8603d7f39e235ec657b54504196b1610b020c4b01252da506e9692c0492832d68bd6392103a26239ebcba8ae61749e0f29970f1c8edcb75f58b07ee5cc1c5754ec7343b05157eb7ff6e40444114c625363d5121883b785a0c5ba5b0810e62f327cb0f1633f13985f8200216f4f0eaff6e77387ee85e9f5e47edae19d1f11c631fbfe5131f587bdcf69f6b483ed410842dbc584d324d4829c2506dae4b70d10fde51f24f9161069fb268275c344cb0a0c32f5b096d72c6f9ad8600740814b437d458e636f71f715bb58504b76771cf03268e742eef628e43713da7c33c2e8ce8eced37a6b4d7755d8fb17c06118a8f1f84b643898268831c6df86c4785d92cee3c0faf573042e0b1b017b2f6ced07d4485d9f83621d0f0fc5c798b5c035ed70d0b2789ec0d78d3424777cabf37e6829bda3e1324121968ee7bd075a75ea4f504d82a378760585da01977d7934dfddb7b1750e1bc5a1e2ac2d39198c0da961d009801ac90defe6ddc7b89e71dabc09c1b246eb4ff0c7d6c9f134df400fc3aa0abcd8eac50986ad648d2d1d5b1915efabf6947f09ece4b8e965903a3862cee73e599c191b0389356773e4abf146e790d68249d82eaff257d92c3b70cfe278d8fbd6b1c59044ea2c7bc685ce1cfc56d00e832b8d1d28203b66ec143828f098397bfcb3679a60298f7e4203597b80398b1e2dcde9456857ef94ced1498994676c6006648d8d6d0602e6b9ce673bf0b5b9ba1752a29148101652c012e3620412971b5616527630832934edd3ee4c3d021e5633995a715b7e82902174ff00933c466c2bd9cd921af53803f7e65cc1741f924d5f886feab0fb8b87f5417c8200796a9c9f0e8a8c004146e2183441d2a962dac418b867cbff00673249163d83c325453572781713f6e601693faadeabb9aab7ca860d9270ac607ecd85cf1e4e8fc6cfe6010794b10dfd2092edac6c971b881aecb037a7bbf040c3dd7a1d13b8677c163802b4c147440fb90ae34512e434c81e614a09a84a72d02ca4a55a4940991da79f2f62ef7c1b8ab71d857f730886093c2e2ea7cf386e8438fa2c612288177aecb8215d57e4a3887fa7119e45c07b09282c1c5b09e8666b4e808195b4d239b6802daab041b1a2e7ddb48a7c7e28b03c1ee18d60ce45b9ef19ab355b9d59459b272735d578c380a71d82e41c3bb48e831d33c03248f9ce51dd090e60f7358e8c661e2a3406bcb4281decdf04eec677369cd05cebe41ba95d14ca0f00c118f669fce57293f399eff78bbde13d2f63a6923fcfcacc1c6f1e26b877d89783b870690d6f986977b137c17b3470ddf451e25b8bc24c3f3d00698f10c22809e169243dcd0058144868d090020e41da121d2e6e755ee5032ab4f6d3859c34e632f6bc168918f6105af8df791e3a581b7fdaab48810022606e96986046c2f0da3aa065ed5a89d6b588916e1650f5a0c7a61e53cf2877941a685a2565ad20c5d47e46787b8b7132f2f0307ac5b9df7b7deb98552f457c9df09186c1471b878c8cefeb99fa91ec143d88153e11c057b51119342d1b8a1d133483a32c418e1507fc31ff000b7f05bffc643ff0b3f84202d734f97de3261e1c216fa5889030fec37c6ffb9a3f795fff00f170ff00c4cfe1098c5767f09257798585f5b678d8eabdeb30d1078f70e345b9011a85eb91d90e1fff00a385fb08bfb563bb1fc3cef80c2fd845fda83c8065fa5efd8a4bdc7adfde3d6bd7ff00333877fe8617ec22fed5af997c3beafc2fd845fda83c920d84d4a17aecf62b86fd5f85fb08bfb524762386fd5f85fb08bfb50790e2727d7adbe6470dfabf0bf6117f6acf991c37eafc2fd845fda83c980ad2f59fcc7e1bf57e17ec63fed5af98dc33eafc2fd8c7f820f261571f938c665ef19d1e1c3f7857f45e82f98dc33eafc2fd8c7f825c5d8ce1ed36dc0e1da7ab62603f00828fc4a4b8efc87afd8a9ff255c298fe2d0cce04968c43e8ed9c68df680f71fdd0bb97cddc2e9fe9e3d36f08d16b07d9bc244e0f8b0d1b1c2e9cd686917a1a23aa0aa63e673c97bb73fe57a9517b45c4dd1bad8ecae69b0e1a1046c42ed4ee09873bc4df8a125ec8e05de9612177ed301fbd07977b55c47bfc4493646b33904b5be8e6a19dc072ccfcceaeae2a01e57aefe62f0cfabf0bf631fe0b3e6370cfabf0bf631fe083c8cd09c6af5afcc6e19f57e17ec63fc167cc6e19f57e17ec63fc1079148b75224ecbd63f31b867d5f85fb18ff059f31b867d5f85fb18ff00041e46910cbd85f317867d5f85fb18ff0005af989c33eafc37d933f041e3f012b6f5af5f7cc4e19f57e1bec99f82d1ec1f0cfabf0df64cfc107902d7a07e4b78d1c6616e437244723fcf4b6bbda3e20abf0ec170cfabf0df64cfc11dc33b3784c3e6ee30b0c59ab364635b9aaeae872b3ef4104f8da5d5bda6a7c190740ae03071ef91bee097dc37e88f7041ffd9, 'image/jpeg', 'rc.jpg', 6),
(23, 0xffd8ffe000104a46494600010100000100010000ffdb00840009060713131215131313151615171817171818171717151717171715171717171517181d2820181d251d171721312125292b2e2e2e171f3338332d37282d2e2b010a0a0a0e0d0e1a10101a2d1d1d252d2d2d2d2d2d2d2d2d2d2d2d2d2d2d2d2d2d2d2d2d2d2d2d2d2d2d2d2d2d2d2d2d2d2d2d2d2d2d2d2d2d2d2d2d2d2d2d2d2dffc000110800a8012c03012200021101031101ffc4001c0000020203010100000000000000000000040502030001060708ffc4003d10000103030203050506060201050000000100020304112112310541510622617181133291a1b107142352c1d1427282a2e1f06292f116335363b2ffc4001801010101010100000000000000000000000100020304ffc4002111010101010101000201050000000000000001110221311241c10322325161ffda000c03010002110311003f00e0e8a7be08b15eddd916da8e13d42f0c8ceae4bd67814953051c4fc491581b6ce683f55db963a754f6f7b6c155be1b1c2b3877108e668731c0f51cc2b6719ba582c89da5ee251724a85a96e7cd4da7924b1925ce117f7ac5fa200774172a28a4249f156274124dddbf55066f84b4bc96d8f24453550b024dac8c46e01e652cafaec88e33771dcf4087e21c4c9c36e07cca9f0da7d3de3ef14c99ed1ba67491358df1e67c52fe295973a42b3ef37052aa875dd754845b8e32a0365074d70022e8a97dabb48c0b5cf92aa8acbac33b2475fda2829a4064766deeb45c9bed6f34fbb55c4a2a289ced2c716b0bceac92490c6340e577387a35cbc338e7172e8dae79d534ce32bdc770dc8634741b9c78059fcb1acd7b0f0fede52b8f7f5c6391769fa35c4fc9368bb4b48f234cf1e7abb4ff00fab2f9f7b3ba26a98a394b831ef0d7693639c0b1e59b2f41e25f66b8d54d5047fc65fd1cdfd967f2ff00871e9b5405c39a6e0ec464155472e0df92f12a3e3957c3e6313891a4e584ea611d472cf50bd4f8371e8eaa03247870f79bcda7f51e2b52e8b307c86e54c84051cd7ca3986eabe273bc647e2fa275431f71be4957196fe27a26d4efeeb7c82d75f208bda0a93963421a194f789eb85cda4e40a87857037caa94429195b537b72a0f094c70c2dd39b15abad34d8a90e72a25729eb5586dca122c6a29ac55c4dcab8b949f3ed35562c57bb700cf0f8c758c7d17945776588cb2c2dcbaaf46ecbf178cd33612f01ed6d8838d93c7d1dc6b86f0e6b85d84c720e6363e61193d7d4442d2c7ac7e66fec828a5313fc0a646a0b8782e958801bc723711725a7c422cd5b4b496b81f5508e8d8ecb9a0dfc15559c3e2d80b1f0525af9af1aca1a86b77216527096e9c927d54cd3b221903d51b0d6dd564fbad255513eceef64f21cbd5636b1c4e9181d5190d1006e0dfc55b83015712d7073b7f90473a7b069ba178cb717433632f8c10765a9e81b1d49b942896ee21511b8df289a386f72aad46196c105d9ded31756c91b5da5ad6b980ef7782db9f437f8267514a5d6b2e12bf85547096c92cba4fb663c0702dd42478e97b8b64dd5b3459e16f6df8a9a996c1c4fb796e09e51c7f8717cfda95c5f189c3a5769f74775be4dc0fa7cd5d2d7b8c8641fc0d0d6f86340fa93e6806c0ee87d70b8f776b5ccc875d8ea573eaa33c9843dde01a6e3e765e87da5ed4186325a7bc70078a55d84e18f6523a66c7a8bdc4dc076cdc58b880ddefcf9ae43b535323a5efb4b79807623a83b11e216771bfd03abe2124aed6f7173ba95d376338c18666bafdd7775e3fe27f6dfd171ad4d786bb6507b8f0e19774ba6d115cff000392f131c4eed69f904ee075d76ea310a78e7be139a660b0f24978c1fc41e89e422cd475f2289df0506cd8f9abea4d8596a266161a42ea90fcd95ce6e50750dcdd4574ea98cdd561c4a931b6ca4a6e6e569ed5711cd56375059134d958d8d4e218b8528ce509ad2b602b1e10f24d6284e43d9038299708e18c71d2f8ae3f37308ea3a217d56c26344e175b9305e9ce710ecf10efc37b80e57370abf675318b775c175354ddd2c9e4b85b8c03a6a8a8b7b8df8a9b5b3975ecd08e8ee7015ed8ec51699153209ad9781e4b7f730326ee3e2afd46ea65cb1b5a2da88be0a3155ba3f108f7904212582e12929a7648c206e84a26b834b79ad16e8702993a3d6dee9b1e65328b005ac2f6bad43c48016b591d0d301fe5725db377b186570fca40b7576027534efb538e9dee6b20f6ce06c1c5fa1a08deddd37f3c2f3ded7f6a65ae9ccb21006c182f66b46c05f7f3f348e5d951a717c79735c769c757d9fe294b046ed34efa89df191df003237efadad17274b6f936eb84a459ee2e92763093901af7efd74b6df0255504e591bc8397774d8e7490011e46e52f8f240ea42b6fc6b1eb3d8ced07dda02d696cf1b45dc629242636dcddef8246891833973416f80dd71bda4e2ce7be56b7313de64687697db57f131c36f31eb949656494cf6b98f2d70cb5cd24385be9fae559c472239800d6cc1c748c35b231da64007207baeb72d7e0894d06d09a70cdda3c52d1d532e18fef8487b070d8c8a78ff91a7e49c70f9301054e2d0c23ff00ada3fb429c3706cbd17e39aae239947984f986e173b5327e35bc427d0bf759eff4a2331b957b36436e510d58691721dedb944954f341893e316b298885944394c1420729b1b2804455c7704f34253bbaad443e9f6538865510c9828a8cdc20233496091cd2124946f12a8ce909712a8d1a51b4e90023a9a9ec42128cd9a98523c9dd6ab987ab6dae94b1b7253daf8304ae7c12093e0b73e09f44c0eb12ac7cd7705470e75c6adeea5260e161b49b31cab43cdbc5463854d8d24e10557b1715169b615f2cb6c2a4bc292aa822d95770d931ea8699d7054a824c5adcd48454bb27c9701f6ab576862603ef3ae7c87f95dfd58ee93e0bc8bed2eaf54d1b6feeb7fdfaaadf0395f62e23031b5ce1b7e97384e382f66df5927b2a68c3a4d25ddd7822cd0c04b8b9d60351feee765cf485751d83ed43b874bedc3439a41639b7b120e7073637039722b040715e1723663169b3a3b465ae01a41b5c822ff98bb3b1162101c43873e23de6e93e07e9cc23b8ff001f754554950cbb359692d2755cb5a06716381d3aaa78c710924b3a46817d8b700e738e48f75afedc055950d700037361a9c77bf8740852f3602e6c09207204dae7d6c3e0b722859428a89d7089a47d883d12f63f28b88a53db7b233fb7a46f58ce93e5b8f97d1328459fe0bcff00ece78b6897d938f7641a7fabf84fe9eabbfa869695db9bb18bf4be793f1c9ff9276da8c2e6de7bf7f14c18fb84f4b9378df7722ae93415167676b2363a8be562c23885469530fc2d34ac98c016c15a72d35053704a061c426d74baaa99c5f709898c7d91d4d2f77c9032406cb5621a534289dd7713e2877bb2b6d721e47e530ba384724ca91b9b251ac0ca3e8a7248b2ab99bcb18d2925740343801ba7d23b095ccecdc22272dc32431bfd99e7b260e8f3e4aae2d096c91b80e6a13d4b83c9212d2da591d90ec655f4b2004e508fa8274ec164d48e12022f952172e4df92a8464e6caca8610de6b7c3c17d9ad0494106e8cf456d15af6e6ba6670516efbbe1fba80e11103717bf9acead26632e485e13db87deb25e80e3caf8f9597d1b251006ed3f15e7bdaefb366d4b9d342f31cc770ebb98e3e7bb3d2e3c116a8f2377079842ca8746e103dc5ad908b30917be7c2c7e07a20ea66bd80f746de3e27cd745c6e2e234b1369aa04a2063896b4f7a2b9bdcb48c733cf9a5f186bc7e186970f798e68d5fd27670f0df3b1dd675ac26ba63131ef8ac012356f63669b75e4b6d7b73763011d401b6e3cd386f692614668dba1b0b9dacb435a0dee0fbdbf256ac73b3c3a4917bf8fecab8e1b9532d5753b80bf54ac0920b5c595f17ba0f8db717b8b72df98595ce690db6f9bf8f44282a077c3ea74b85b1cc79af74e0b522aa9e3947bdb3ff00986ff1dfd57cef04c478af4cfb2aed20129a776d20c731ada31f1171f05a9703a5ac67e2e91f991151196103c15523af523f991dc6c642ebd5f47205aeba32290ec9743cd1b0bd461bc6fb85605452b4d95e18b9d2d39ca224592356dd19b5d05b649756854411139450888502fe272d825a2bb74c38ac77ba49ecb4e529746fba1a5765639d6d9505c94eb386d0bb4fe202d3cdaec10538a58c0d822e78cbdc4f3182a2d6596775855c42501a93179e48ce2b26435534f45a8ef85bfd33fb525a4904f25aa87b0820844d40d26d7b8429a4bdcf2286c0d73459ba79146d44e06842d6445a3ae54e79016836d944e1da5ccca26395b13439a3fde480a6370021f8bc85a7636f0fd6cb322172f162e37ba9d3d517735ccc75394ca9a555ad7e0781cb4ddd2c9788c51665918c1ff2706fc2fbae778b7da6d1c3ff00b7aa770e4deeb7fece1f40501db3981ddd201077045c1f30bcf3b7b4dc1e97335334ccecb5909f66ff00e67692034798cf42b93e33f6a157293ecb4c20fe5cbbfecefd2cb83aca87c8e2e7b8b9c4dc924924f524ee8c5a278bcc0ccf21b66b9da9a0e4b5aeef06df17b0207a2d5312e205af7543246bbdf7588b58db55f2058e718b9f4b73bad367d27bb6f0282eb67eca4ac89af7308d62edb8dc75496a787168248b01b938cf417dd5b276baa1f6f692b9d6686804df0058017d92aaee24e937c7ccfc5195ade544c45d54b4b6b4c36177ff0066fc729627064cc646ff00e19f3cf93efeef98b78ae05aad694a7b7bde3ef4cd2e6b9a4dc39a4107c88c26fc7e2c03ceebc2385f14960707c4f2d7037c7ec70577d0fda20999a676697fe767ba7cdbcbd16ff2da31d131b844c212da3ae64adbb1e1c39d8ede63709ad28b9681d56c3a181a034792cc93601165fa47ba2ea1ed8f4b2e4d2b653db27254e369272b19745d3c5942534f0f82957c2f6465e1a6dd7a7894da929c0ca1fb41396c7a41f7b1e9cd677d4e4c9245cee857b77ba30b7085a9c05d51548db0c6c87f545d4c9a400817483a283d2b8755132c8d3d6e8d99c92b6eda8bf5ba6359541a36dd67a9e89f0aabc12fbdb9ad544a46c2eb6fae0e219657b9964f57cc5cf39ed2b8652e7d88f8a6b716b25b20cdd10d95af16072138aabac760dd2c0cbb2c339477103669bf454f089068b15286bc3a3ef0f017493b4f35b59613ed00bd9bcc66dbedb2e868e2b34bfae3e0b90a981cf95f283bbacdf26e07cee86a7d21a0e3b339fa0c3334f32e68d20752e26c94768fb7520bc34eff0007480589ea19d078ab7b7dc5dd0b440d203de2eed38d2cfd09fa2f397b964da227ab73892e7124f326e7e250ee7aaeeb1d84eb2d975956493fe145759d84a40d74b52f6dc42cd4c045fbee706b081ccef64f32f5707572695715ece4f4c18666e9d6dd56b8b8f0778a1e1a705ae75bdd66a3e65c1ad07e37f447f692aa491faa47173ddc8f21cb1cbc96e78f4533b96b91adfe989a49f9b9bf04f724f22e2dbf481e16acb095753b337e433fb7ebf05cda56f6106cb0220c772a8923b293616c15a69bac4a4c15635eaa0a41487d156be370731c5ae1cc7fb95e9dd8fed3366b07d9b237240d9c3ab7f65e4cc28aa5a8731c1ed3670370532e27d1dc2e5f6cc73bc708a10ec173df65dc5593c0f37b39a7bc3a637f2395d840e6bfbcd371d555329a9ad92a54f5d117e8045d6eba22e610d241f05c532731bee3707e8b32697a3b5a91f6a1b867aa3a8f8c44e60717069b64136b14b7b57542d1d8dee4fe88e67a08a67724babe6c22aa64ca5b559217545d2b890a8b22dc2e8270c9527a9d552ddcd72ab8dd508a124ee764cec6eaaafa1128b1e4b36b11c0c35441121c0f344cfda11c9cb5da2e0718759cfd37e40ae4ab78139a7b8fbb56731db75d45556131976a56f67d8e7e41bdb75cb491ca19a6f7f05d976369c35b7bee0616e5d67a9e19575363d10dc2a9bbc76007338f8265c41ae2c246c3e682a38ae6f6c05a9eb99ad483ecc869b60daeb9792b62858e73cf7236fbdd401f527eaba2e2b25a3f35e3df69dc574865334e48f68ff2d980fadcfa047c51c571de24ea89e499dbbdc4dba0d9a3d00012d715279502b0d361669be4ff00e56b4ec89a180cb2b221fc4e0df204e4fa64a64d54453520001dc917f2bf24f1b5af829ecdbb5d2bf56ae5a226968fef92fe6d0b7534823bdf06e71f4f925fc5ea8b9b62e01b1da26b7ae9bbe43ff77fd17a33f172fa5709749287137c971fe917fd937ed27722819cc47acff34ae247f680a1d9ea4d41e6d9718e16f9bdda9df20d1eab5da693da54bb4edab4b7c996637e8571ea3a72e7dadb9b7a22216631cfe9c9418cdcff00b726dfb9f447431dbd1671a88b2337b73bd90523b538ff00b81fe13297bad73ba0c799c0faa5f48373e16f8a0d69a058f519fdd4159b13e215602826b61696c28a6d5369558530a475d9de39252c9ad8e203816bc7e669fd46e3c97d15d8f707d230b6c6e2fe60e42f97da57bdfd89714f6944e8cfbd0bf4ff004bbbcdfd47a2b7c0ec78ac86385cee765e7ad94ebcff00b75e89da391a207ea17b8b5bc4ecbcc9ceefdd1cb5fa3fb61575b21eedcec97cbc49d7b3169f58e234bb75b0baaa604e10ae1cd4cb70a0e361bad05210ef8f25112c8dea10f2482fba13d6d849537614f52d3dd85861e7dda869d6e73fd12de1ee616d89cdd30ed24dadeef02974b4c0b439b8b2cdbebbf33c13f766ba46b3f86e364fe878518de749ee9d972fc21e7dab01fccbd19d1e30b71cfaf295c8d7f758322e2f6e97ca7cca063764aaa1ee6b4b8790e87aa5c3b7f035fecea18e88fe6f7d8475c647c136f8c669c711e1a1e46703e0be66ed657fb7ac9a407ba5e437f91bdd6fc803eabdfbb5ddafa514550f82a627482321a0386abbfba2c37be7e4be6971dd1ba646aeb4ddd62dbb0371e88293df81f00a54154e8dfadbb8bf9e7a2a49dbc94a3360a9f553a9b8b6abbdc4970c9077bf2bfad92573891922c3393cc9cd826efe0cdc833d3171d245a76f779917273be7c906fe12e6e7dac06d9c4cc37f0b5f2b7d5b44c765c3687eef0c45e7bcd8a4a870e8f78b460f88258b8dab78d473968b7adbf725115bc72a242fd4f69d61a0dac059b6200e9b0f8250fb9c9e6aeaedf1733cf570690403bee46f6c62f6f3f9a7bc3f86c923750686b06ef7b9b1b3fecf22fe972b9ea7612e16dfd07d70aeacab74846a712061b737db0b16b53e18f12f621ba7db079be7d934b8636ef3f48e7cafb2aa8eaa999bc533c7432b5809f12d8c9f4f9a00b6eb45bf208261c438944f16653471e47783e57bf7eae75bfb52deab6f0b4f39524aea41560a984a4829b5402985258bb7fb2be3e69e79597b3658c6df9986e3e45cb876a27865598668e41fc2ec8ea0e08f85d49edf5dc65f30c9b809234924aeae1e010be16c91c84b5ed0e69ea1c2e3eab9ea8e16e8dd9db91ea9b0cb2a54b00b2b3d8d9110478b2dc8db20e069cd9a4ae7667b893929fd6cf661f1482eb4c8724acbf9ab64555d49ee4d72d5449669f24109ca93df719539b85ad6ea7b8f895470d941d4c3e888e24d00b8752a8e1bc31f7d56c7d572fc5e89d45dc3e94899a6db15d8366713849a900d7b26d1cc5b6b5b273d765d39f8e3dfd55c56a6ccd3cb2b84ed1530962279b723c8eeba5e3b55716b8c5cdb9917c95cf555434309270438b8f416ff0009bfe9731e53c625b773ae4fa6c95ab2ba7d6f73ba927d397c9541621ad85a77452bd9557ca5243f4fd549a5401c2946a43f8670874d1cf287343606b1cfd448243e4118d0003737237b26f41c1a8a46b09966ce90f2d0e21ae206a007b137b1be2fcb757f62a36ba9789822427eecc2340b805b3b08d78c0b869f26bd09c36aa0d2cd54adee86824b5cef69602eed42236d59e7858b6ba719fbfe7f801c6a8699b55eca9a72f80960f6cf6916b81ac96d81b34938b7245ffe98124d1c34b3b67323b4025a621ab5580ef1d8eff05571f9a09ea81a7a7fbbc4435ba0126d6f79c0902e4ae8bb37053c5c42884724c5bf788c9748d68b90ec1b349b024807a0b94fe5cfcfd89fd3eacfcb3c716c88b1ef69dc36469f3008fd1554ad06f7e5e17fd530e23181553b5a4901d38048b1206bb12391b052e15440c2f95ceb5b5068bee40ff213190fb349f054ec0f5240fa2b2576cdf53e432a01b777f28b9f339b28a12054aba45534e2ca0c0a615614c2926148150520a4b029382ac1568517aefd92f1f3240fa471ef47df65ff00f8dc7bc3d1c6ff00d4bbb9a943db6705f3d765f8b9a4aa8a61b35d670eac761c3e175f45412070041b822e3c41c82b53e317ca49574c22cdf0816cbaae79724d3b4d0974571c973d43a8610dcbe01ad71ca5d629c7148f984ac84a50f55221cd55e9487a647c4da79a9fdf9a7985b58b4e784bc49ad2e16b1bee8e8a17691a1e162c47ecdf20601cc9581c7053ce2930642e73403b7ccdaeb1623315f6c79f54d639ee0493aac45f7f45cd76cf8988e9fd934ddd21b13d1a32e03e43d56962e72baf53c79e9dd4c05a58b4c22f2b4d6e09e847ceff00b2c5884c05646fb2c58a4ecbecfe56fb3e22d7178bd1484061001d2f61ef5fc6de85c82e11c7b4b436490b03035acd30893ba2fef1f68cfd6eb162c59b5b9d59ec09da7ed14b5751edde5ba9a031ae64623058d2e2d2597201ef1e689ec6d7b8f10a3d6fd204f1674836bbda361d7658b1564fa79ebaff001df15f6931c42aaced5f8b502f6b5fdfcdb920e0e247eedf766b23efc9a8bb4fe2dac2cd2efcbcecb162d4f8cdfa93611724f97a6e7e381eaa32c65ac24eee373fb2c58a6a817955b162c4b0cb29858b14930b6162c552d8563162c5249e17b87d97f16f6f44d69377c27d99f2dd87e18fe95b5899f59e9d3d647a9ae6f82e61b1d8d962c4a81ab69ae0d928918ee6162c49565a7a28fb23d0fc16d6293fffd9, 'image/jpeg', 'dv.jpg', 7);
INSERT INTO `images` (`id`, `data`, `mime`, `name`, `avatar_user_id`) VALUES
(24, 0xffd8ffe000104a46494600010101006000600000ffdb004300080606070605080707070909080a0c140d0c0b0b0c1912130f141d1a1f1e1d1a1c1c20242e2720222c231c1c2837292c30313434341f27393d38323c2e333432ffdb0043010909090c0b0c180d0d1832211c213232323232323232323232323232323232323232323232323232323232323232323232323232323232323232323232323232ffc00011080230029203012200021101031101ffc4001f0000010501010101010100000000000000000102030405060708090a0bffc400b5100002010303020403050504040000017d01020300041105122131410613516107227114328191a1082342b1c11552d1f02433627282090a161718191a25262728292a3435363738393a434445464748494a535455565758595a636465666768696a737475767778797a838485868788898a92939495969798999aa2a3a4a5a6a7a8a9aab2b3b4b5b6b7b8b9bac2c3c4c5c6c7c8c9cad2d3d4d5d6d7d8d9dae1e2e3e4e5e6e7e8e9eaf1f2f3f4f5f6f7f8f9faffc4001f0100030101010101010101010000000000000102030405060708090a0bffc400b51100020102040403040705040400010277000102031104052131061241510761711322328108144291a1b1c109233352f0156272d10a162434e125f11718191a262728292a35363738393a434445464748494a535455565758595a636465666768696a737475767778797a82838485868788898a92939495969798999aa2a3a4a5a6a7a8a9aab2b3b4b5b6b7b8b9bac2c3c4c5c6c7c8c9cad2d3d4d5d6d7d8d9dae2e3e4e5e6e7e8e9eaf2f3f4f5f6f7f8f9faffda000c03010002110311003f00f1507069791de939ce6979cd200e7ad2fd7149d3e94b8c8a0618a4fc334b83401da8003d7b67da83ed4639a4e9e94085f7a4f6cd29e9c0a4ebc0a005c7391499c939a39e98a00e39a062ff003a3181484fb528cf4a4202323e9483a528f5c520c83f5a601d4e4519a503be690773914861c51dc50707b537938a621c4d007e7401efcd20fbd400e39ebde931f9d1c93403cf6a000f34a739a439e94bf5c669001e98a3b7bd07a5201cfd2801467f2a5a43d28ee3069800c62863f9d2f4e69bd7b66818a3ae3bd2e300fad1413c7bfad021338eb9a3f1a5cfb5014b1c01934586c6e39ff0a916367fbb56e0b32705f81e829d2cb1c636a8e73da8029186453c834d6073ef56c5cab601edcd4a4c2e39c03db8a046711c77fad263deafb5a295c838a88dab67e53914058ac0fe741e4f14e68d81fbb8a6e28001d6928e41ebc52f7a00406941a00e314bce7069006ec521347af1401edf5a005048ef46f39a393c8e9499e2818e2c48c5024e29393d6931cd003b79ea68dfcd3683ee68b00be664d2873cf269bdf8a31c60d021e5a82fc0a674a39da48a6171fe60cfbd1bf8a60cfd2931ea690ee4bbc7d0d01bd2a3f6a338140121719f5a5dc3b7a543cd286f7e6861725c820526eeb51138e79a504e30280b92ee0452641ef519c8eb49c81cd017252477a320118fcea204f7268dc707af3405c9b8c13464545bbbf6a371a2c04bf90a09e4e3a547bf3d68de4d01724cede9f9d07dc7e3516e23ad058f73405c941f9b14871cf14c0febda8dc474e6801e3ae2987961cf4a03739cd26ee7de801db4514d0fc5140682632476a01f6e94633c5281c7a1a620e0d2fa0a41db3477c76a000f18e294e40e6908e051e94009db140c0ebf9d2e3079a091e8680b00fa507ad2672739e694f1db9a004c8f7a53cfe549c01ef4671de818bfce90fd28ea39e94b8c0a4027b51f85149d0f5269885ed9149d0d29f5238a3834001269339383c51f4a43400ec63a0a4c8f4a33dbb51d463140c0678e294f5c814638e28ee6810a79fad213ce3346682318a400707da971cd1c64d03ad03101f514b9a3f9d0704734000a3b74a0630314b9a620c0c0a38a7470bcad8507157e3b348c6e7e7bd032ac56cd29ce31579522b68f0704d324ba48c613ad50926676ea4d2dc0b33dee5b09c552c973cd2375e7ad28c118e869a00ea7907a53b7151c0fd6860060d340e79cd3112aceca39cd4cb74c1416c55407b6682719e6803416e227001c0c9a73431b74c7d6b341e339c548242369dc45204583680e706a16b775edf952add38c83d2a65ba520860680bf72a142bd78a3afa55fcc720e71f8d35ad9197238a06520003470300d586b4651f2906a1689d339145806648e283d314a78fc2818a40349f948a5ed819a2972280107140c819a0f5c6681cf1408327f1c520ce0529c0a3da81860e33ef41eb467d4518f7eb4008c79a5ce683da8eb4c0420f19a4c71cd2e68ea690800f7a3141ea39c134671c50313f0a09edda97807d0d03bf140832471d6939f5a38ed4671cf7a003a9a4e734b9c9a0fb5030ef471c51ee4d277a62170690120d29f6a4cfe7400a793cd20a5efcd19c74a0050ddb149d73475a09c50301e8281e98a01ed9a0e08c5002639a2971f4a29000eb4a3a9ef4807bd1da980ec629bdf079a53eb8a4e050201d3da971494a781e868187f3a393d7b5379c678a5ea4d21001e9401cd1ebeb411f367ad3014707149df9a5e7f1a43d47140c5f61499ec475a4c823de8cfe06810e278c629bdc64d283c628f7cd00c3b1146302909e7814741c76a40140e0d2e693926818b8fd6938eb9a071467d7bd300e3bf4a08cfad1ebd78a5cd020e9d293924fb507819e28ce680140f51475a33d8d0322818632681f4a55567380327ad5b8acd8805c702802aa2331c019abb0d8f467ce3d2a70d15ba82319a826bc2c0e38fa51e8227334506368154669da46e09c544cd91934de4e28b007ae3349eb41040a4faf5a00319078e949ee3ad1d3af4a3e940c9570c0a9a6f41ce78e3148a79a7bfcc010298863600e9d6933c73d29782bfe341001e2801380053f191c734c1c75ed4a48ea38268003c60f6a5247a8a691ed47393401264f1ce29cb330e326a3edd2819e79a00b69779186a95664653938cf159d820e4d3876eb401a2638dc74cd42d683276923bd40b2943c926a4172c38ce45218d6b69147033e951152a3e61dfbd5d8ee57186a9331c99ce327d68033381ce0d04e3a55f6b78db3ebed4c6b238f95813e9e94014f9e98a31839352bc2ebd41a88820f22800cf19a0907a518c678a3a628108dd7ad2f41499c8e714a703be6800e3a77a4e3a500e4d1dc9a003ea7a507b1cd0303af4a0f38a0051c9a4c1c7e34679c01477a430e868efd28ce08f5a3f9d0213834a48cd19c76a41c8a0033934a0e7ad21fa5292698080e68ce29474f7a4278e94860697a8ed49d475a05310a3029063147bd078e9d680149c76a407de807839a00c5002668a3f0a2818e03fc8a3239a3a51efd450029ed49d7bf141a0f4e6800271c504f38eb49d7eb4bde9084fd294723a5031463238ed4c028ea28c11474a000e45009e690f5f6a4edef400a476ed47047d28038c518e0e3a5001c818a33e9d28ebd681c1e940077e07343645041201a01c751400bd052679a5ed487a75e94001edda8ea3e828f4cd18f4a000714a304d277e3ad18c9e05002f1467e94004f0339ab10d9c8fc9e07bd016205058f4e6acc366cf82e0a8f7ab890c56e32704d4135e1e91f18a064eab0c0bd3e607ad433de124edc0154da4776ce79ef4def8cfbd1601ccecc09cf7e94d0c4f6e0526ec11cd3baf14c40704669bc678e94a718e2900fc8d00211d41a43c0f7a7718a6fd4d0026483402c067814751c1a30bd7bd00099ce7352a1e4f3f4a887038340e3b9c5003e45da7d8d37071c549c3a85c722a3e477a0038c64f5a38eb9e0d2f20d2119049340074efc528e4714d033d69d40006e7de97a0a4e33fa5048000ed400ac7e519ebda8ce5704f4a4c838a5c722800ed9a4cf3cf7a1b838c628391ef400f52038dc78a5f330dc1245447a8c66973cd004e9391df1c54eb747033ce2a8743eb4fcf7a00d112ab0ddc03e943246d8c819f6acf57e3e9520931c86345809ded11892a706a27b570bd41a912739da4d48b72b92a45005031907e6079a122673c02715a45908c9c1a648a021d836b75e290ca2e857af7a6631f5aba631b141c1e869934037b94e403c51702a8cf5e28db9a5231d45267df1400631cfad1ee6838e00a338fce800c0db9ef49d327bd2e0f349dfde8100e868c71475a3a76a004073c633c52f6a071c521f6193400a0e0d19147d7ad00f028006c638eb40c67a71413934679a060783c0a074cd27269c01a0434fd68e09a5206690818a007647a5149f8d14007040f5a51d28e00e681c7d2800069719a4ed4bdb9a061c5276141247a62807939a401dba51cf4a3241c0e69473400dc934a78c1ed41c8a3af34081bf9d18ce280723a74a43e878a63003079e9476e28ce073483ad021739e281d28c7bd28e940080e297de93a1c7e741e98ed40063bd079e83b5183da8e7bd0028cf43498c1a51c9a9e2b4924c71b47bd0040393c75ab10dac92e0918156d2d63879603239e69b2ddaa0c2605218f8ede2807cdd69b35eaa6420c0c76aa2f3bb9c927f3a8f24f514c571ed3331ce7229b9ce4d0a3e6e4519c704530139ee2947626941c76cf34dcee3fce801c718fad00f4cd20e0d2af3c9f5a005c36690f3f4a1b83cd04668180e4533bd2f205281b880703dcd02198ef428ce7d283d7ad276e2801ca303190690f07af140200c9eb43631cd031c87a9cd295c9dc3a01cd4607bd3d729919c8a0419e38eb4d3c819a90e76fd79a6ed279ed400c39dded4e18c75e297cbc77eb46c3d334009f4a3f9d1e5b0e68dad8191d280004e6941e4e4d21e783c50071400a411cf6a09e71d8d23640e6900f73400ab9e7347ae4d20c8279ed40191400bd72294fcb8c5343103eb4e18e322800e49ec0528efdcd271d297240e28017246280dee734d193cd2af5c81400f1211c1a7ab961b4b1e6a21ea3ae6a447d8cb8c1a00b6170849fa6694b287cd123892223a11d00ef51f540bf89a07724711bb76eb51b5aa1e9c1aae5c827079a7a4ee075e6900d7b665e98351bc4e87041ab2971b9b0d8a97cd43c639f5a04669ce2971935a2d144e33c73d3eb5035a83c8241f4a06543ec69475e7a76a94c0ebdb3f4a88a9cf23140098ee693e94a393c51d6810668c51e829307a76a062e3247b51dfda80bc719a423eb40076a30714b83d6933d476a0403ad006281d4d27e3de8062e28a3268a00936f3d28dbedd2a53c1a42050323da7278a4239a971cd0178a00871de9c471f535205e39ed4150475a40478e78a4ec302a50a09a0a8e298111fa51d571526c1f8d1b475a40440628c73520039e290afcb9a62198e3e940e9c53c0f96809c50030af147519029d8e71d2940207b50032931eb9c54a2327a0e6a48ecde4ebc0a00aff00311c0ab315a3c83a6055b8eda383963d29b2de85fb82801c96d142096c647ad12dea27083a74354249ddcf24d4472dd73ed4013cb70ecc7777a8393f7a8e4e6807af39a06274a09f6eb4bc9393474fa66810019c7b50dd7fad267038a5e31d3de980038346793eb4dea4014e18efe9400bdb1c669793d85348c9a3071400750326971cf3dfb5373cf4a7639ce6800c93c63a518038ee29770db4d00b71ef40087a74a02b13903153040be99a3760907a5004423cf5ef4ed8b9e690b9ce141a5589db96e9400b98d7ad3c3f1c2706956250dc0fad3d7eef1cd30185fdb9e94646de07e152ec07a743d6a2640a33839a0060231f8d382a939cf5a69618e9c8a439eab48097603c06a4d9cfb531642a7045396407804d00c0c7d3bd37cb381c0a9b21783c9a538db92334c0aa636ddc8a6ed233819cd5cfbdce3b5376007eb480a78ed40e4e2a778f0338e3351143d47ad0021e38c50464e7a526187514e5e571400a7730c631c714163d3b50739e9cd1d47bd002ae7914d39f4a503df8a53d8fe140c01c8e29cac15c12b9a6ae074a728c814316a751a3682757d3ef2e15844d047e62ee070fce368f526b16ea16b69a48df7161c64f15eb5e08b748fc1c8377cd34b1a821c0e3767a1e4f4ed5c87c4e82287c59726001439cb0c8eb815cfedfdfe42f934b9c31c93d38a031dbc9ef49dce7b0a3ae0835d040a7208c5287381934d381d4d2e474a0070623bf7a944ed9eb9a80e3ff00d5467073401696704e180a79f29c9e86a88273d7ad2fdde73c9a065bf210f41f9542d6ac08dbde9ab232f735347390477a00aef13a76e2a220e78ad0132939343244e4e31480cffbbf4a4c673579ed57195350bdab8c1eb401076f6a40734e652a48c1a691dc502626307af4a5e08eb4a738e28231c50084c8ff00268a5da28a0658e7b51d0734ecf028f4e69031a003df9a53d7d453b1ce41c521ce7d45031bd714718cd38739a3f9502b0839eff851d06283c9e3f1a3a1c714009f9f1480823be69fb7000e2931c50034f0693e9d29c075a08c5021bd3a64d2f7fad2e0718a31ce281ec010b70064d588ed198e5ba5490344880f43ef514f7679038fa5311631143838e9504f79da3040aa4d2337534cc8cf273458095a7662724e2a327774a42051db8c75a005f6a3a9a691d0d2e7d6980742694e02e47149e9de8c1c7d2801719ef474e2933c7bd29e9400700d19f9bbd2800e7de9a71902900b8008e28c7140ebc8a5dbee29801ce07a537b71d69c72473ce281c0ce6800e33d3a0a01c119a01c1e29dc1cf3400c38c52f99b47dda5c2b2e01c1a561c63ad0044652c3f95489197c927029523049e2a72bf9500376aafdd1f8d2ed3dc52bc88b9c9e2a237208c01408971e9d69ea00e783557cfc8a6fda3b76a065c0e78e31df34c9240dd78aaa6660c3078a58cb4b27ae2801411c8a519c6066a4688607d69b8c740680108ce38fad33cbc9e0915304cf4a52a55be94015f2e8466a449811de9ccb9e3a8eb51b47d7140130941e1bb1e29c1b3c62aa0ce697cd39c1a00b5eff00a5319777dda45917b1f6c538e01eded4c08771070dd2868c1e471f4a95806150ee31b007a52019b4a9c1efde9d918f5a919778e7a75a83ee9c1a007f18f6a3dbd2823031823eb4638a005c7239a923e64507b9c54401f4e2a68908653dc9a4f603de7c2165bb47d213321632b3e0aa95c28e79eb9e95e77f102ce6b8d6af7528816b5f33e77fee313819aeb7c19a9bdb59453dec6614b742a1f67cddb8e7db3f9d64f8fcdbc5a60b8d341782f8f95703cbf9548f9860faf06bcd52fdf1d295a079867af14de719e94ec1ec2936fafe55e99cc2f51834d278a772074a42091c0a004c63f3a71183ef48430e319a539c9ed40098c027bd04eee9d052e1b27346d20e7005002118a075e7f0a36f3cfe54a5091f4a00338e9d69eaf8a8f6ed3d79f5a5c0fef5004e93103834f170338ce4d54dc3b8fca90336ef9540f734016a67898124735488ed4bb496c9e4d3b06900d039a3a1a5e49e9d2931de800fc4514bb7d851400fdf481c8e4d26338c51b4f714863bcc38c74a3cdc0e78c530803eb460d2024f338eb47998a8c0c0a0039e9d6981279873c7e74ef33b66a1e99fe5463a76a009bcdf7a43267ad4401a3d734012efc8c668dff2919a881e28638140136e181cd1e60a87f114639a00999b7019a8c8ef9a68fd282739c5001ce71484f347f5a31c114ee21490723bd267208a4c632682bc02280149c52e307279a407183da8dd9e781400753d28e45283cd2f25bd8501702bdfbd27bfbd1cf39a0e28010120d291c039e693ab1f5a527f9530132475e94e2013c1a6e738cd1df8e28017713c67a5252e063149d052017a8ebcd2107d7a528006290f5c9a6001b6f23ad4d191c9355c763526eec7a0a009fcc0a338e9514973c616a12c5b23348138cd0026e24f26939cfb53f673cd3c2f7a00848ed4b835305c93d4d284e78eb4864623356208b6aeef534d31b633d2a75185c7a5310b8e738e941031df3de940e30714b8a00663823348720706a5c02383c5181c714010b2e0e4e6936e3273531c13e94dc6ecf3c500425323229853279e2a761e9498e7a7340cafb48a5e5475e952e09ea29a40a421379e98a696c8e4549b47ad3197a530230e54e0f4a4739e41a523f3a8c1e7da8024562d839c9a76e6a622e0134fe4f3da801416c7353444ee19ea4f150e38e39ab10f2cb9c60103149ec33d3ec756b7d72192daf20c47158349210797745c06fd6a4b1d9aa7829348b54125df9a922ab11f31d84b562786d554ea520fe1b061f9d58d3ae1347bbb1b858cedb8b70a242dc2b124123f022bc99c129348e98b76380bc4686507690afc81fa5562ec4f706b6fc43692594b02cb1952e84a123ef0c919158a411d057a749f341339e5b8c2e4f19a50f9181460022978ad091a5d89a390c3d4f14bdb18a376581a0046ddebde97258679a7743d79a6e680148f97a9cd0471d69bb860e3268da5b939a40297038028009c9a55005381ef40c45000e7ad29c1e28e9ef9a4e79c8a0051823140f5cd03a7028edcd20023346d1f4a518f6a0e3f0a3510dd9fe73453b23de8a076185718a53d38a730e3349cd21d86e31ed41a7919e4d2638c628b809818eb4019a5c71475fad003703bd371915263f314980307145c42638a36fd69d8e3f950071cf5a2e31a46783498c1e7bd3ba1a4c648cf18a042639cf6a3af6a5d84528183400c039e947419f5a7818ed476a00681938a4da0734f039a31ed46a03073477e7f2a7628c127068b80cc63a0a30338c53c0c77a39dc68b85866075f4a3247b8a77e1415c53b85868209c9a4183c6453c0c8e948ca28b85809ed41000eb8a40b8e869391cf5cd3b885c679a5efcd26ec751cd2e41140083dbf3a5c60f414718a4c93f5a005f5e69b9cf4a5e690039a600001df8a51b9bdea458b3df8ef4e0bb7a520220bedc53b663906a40bc8a7ed1dc5170220a31ef4f541cf4a5c7a76a3f0a007ec50327d2977ae38151e09fc69ca9f3723e9400a5b7741cd3d471d29c176ae05394714c04c640a42b8c0ed5201cf3c8ee29d80739e9e8290116369edcd1d863ad4a40239e69a573ec41a631839cf4cd03f887414f0a01ce28017af19ef4011951c77cd31940a99864002908edd31480808c76a4db8e82a52030a691d680212067d69a47ff005ea42bf2d0062802bbe0531d476e38a9dd3814c006083cd0222071d0d48082298cb8e9d29d19ed4d00eebd08c54f11e0678f9aa1047b7b54cb261067d69303bdd05238a3d5ed8481a57b5c463a16c0c9c7b55ab58e1d5fc3735a39d92d842f708ff80f97f1e6b9ed1efbed1abc3399764a176e47718c63f2ad7bbd4e04f12dc5a5b60d8cf1a4332afaecc1e7dabcca906a6db3aa3b6873de28d5d752fecc80027ec96db0b9182ccc413f974ae77071db35bde2cd266d1f568a0958389204951fa654f033f91ac035dd4525056309dee072402681c75fc694e40fad372323278f4ad8817d3938ed4980073de9a5f9e3a521cb75a5701dbbd867d680b9ea69a0f380280c4114864ab85fa52e405f7a88b73cd2eee3ad20241c1a0e3f3a8cbe78cd26fe393cd004bc1c734003ad45e651e6e314c09b1ce7ad18e2a2f3b07228f37839a350251cd1d0d45e70cfe14be68f5a009703fbd4545e60f5a280b928e78a5fc38a79001ed4816a2e56a371c7bd211d81a7ede7ad181408663b8a5e3069d9e9411cd031828c1c53c2e0d263a8ed40860e4734b8f6cd2953d1680314c686e01e6936f5e78a791800f6a368345c2c86f228c67a53b19028e07145c561b80063346d005388c76a4c67fc280130319a3a0e7ad598ad27997e48d88f502896d268861e3607dc52e643b15b1c64e68229c41e868c1c5310cdbfad18a776a31918a02c331c91453c83d68ebda80b0c2bcfb51b7229def8a3bd003075c5295c0a5c1cd349c0e6801aca08cd26d50327ad233fa530b93d2a92112803800d1d01a8b71cf5e94e127504d003813c8a95171838a6ae1b1ef5328e98cd31098cf6fad3947a8a76ce6a45518ebd39a008f682323a8a307a7b549803047e54a00fce80b9195e694203526de47a8a5080e70281d88946de9cd3be6dd91ed52aa463ae73f5a78641d2802be1b229e3a8e69cccae7e9d2902e40fd6810f192314b838c0ef48a0f6e69d9e830681f40c74fe94601279a681d8f4ed4e39038a00503e9ed4d0324f6a71e99a5e07af5a6047b4fe348dd79eb52803a91f88a4d80b123a62901015e46290a02735385cb0f4a615c91c75e940ec47b3e5c62a265c0f7ab18e0e33d29a467eb40ac571d2a3da431353b2907d69879ec29010b0ed51636b7e356180233cd44cb919aa10a470314aa0961c8c0f5a45381eb523000ae073480954b47c8ca9f63834b6b7cf6d7265072739a6609cb7e5cd577215c8a4d27b8d36b634f58d627d62f3ed17072446b1a01d15476fd4d656e0a306919df1c1c0a8092c7ad114a2ac81b6dea4cd2e7a534125b24e6998e7a51f74fd29889b6f19c50077a10ee5a7fb77a918cc60e2970074a71538a318e05170b11e3d6940c9a78057b52741d31400cc628201c5494d239c8a0061047151b75a9c81b4fb5566ea0d520007228c91c5372739a334c43b3f9d19c503a51c62801371a28cfb51480d62383f5a3a9e3bd3b183d6942904e7f4acae683769ee734857a0a78183cd210463145c5619cf1463daa423b9a4c679ef40ec347d290e0f6a79f6a00c0e9d68b8ac4601a4c75c9a971cd263e5fd79a616b0c23e9463b8229fd4520192477ef45c10d231cd18fa669c7d33ce68c7439eb4806ff5a0707fc69d8078a50091401bba3ea91da280ea0e3daae6a3ac5b5c438555cd72c0814a4f26b1746f2bdcd54ddac35cfcc718c75a69c9e98a71079a4eb5b2d0c86ede2971cf4ed4bd681c6475a771898e99e94dc76f7a7e3de8c73d68b888c8ec2820f5fce9fc93cd1b71f4a2e0336e5ba734d64c8a93033cd21eb45ec05278c834d008abc5390714c6841c9c55a64d8a9d3e94b824f1dea730671c76a72458edde9dd08742871cf6ab023f973dc76a1106dc54cabc639a0066067b0a52b8fe5c54a13ae28c03d68b8588f6fb734a140a90291c9a6ede7934008719fe46932d9ebd7b52ece7ae334e0064e3b503dc8f05b93c52ac631926a4c67af5a7188f0df754f3cd0046703031f8d2838cf1de9594038069bcf3cd022418e3b527cc0fad26327ef5380c11c8a062608e6804e48a319391de9ca3de8013dcf4a5c6475e73d29c7ef018a31cf5cd00263048c76a36ff00f5e9c382339c51df2298c66dc03fce99f30000ed531e7248a691f30e381fad20b5c8b1819cd211c67a9a9319ea298cb8ea29010b823e955dc60f1c55b6504557751839a00602369ef4922023e5a178c01d3dea44e41a622be30d9c9a9fa907afd69c23e4ae38a46187c03c7a501614728df5e955d906e247ad585c05dbd4e6a16fbc429e94a408825f6e95062a49811eb51fa75a10301c739a53cd34939a5e726a843d0edab0bd8f6aaa2acc4495e6a6434380e338a0a91cfaf6a7014ed84f1525116d346dcd3ca902931dfbd17158403a0a4c734f031f8d26306900c61c74aaadc938e2ae30f973549cf39ed569898d39c628c714b8f7a3dea842f18ed9a0f033da931dc0a53da80179a293228a00dbc738e0e69e2176e429c63d2981b1c9aded3751b68e3c4883a572ca4e2ae6d14a5a186c854f23afa8a691deb5f53bab6941f2d467e958e08ce31c5109dc4d72b023a83498381c52920d05b239c67a558098146063814646473464727d6800e338f4a420f6fd6941c2f22949007f4a006e0679a3038a53ea3a519c1c8e940ad6102e39a4c763da9dd7e94a08a00601cf7a5c7a714e07af03eb4983d45201b8e7146327818a763039a3271ed4c6260e4f1415e3daa68606b870a9c1ad13e1ebe28184248352e696ec2ccc8db8a4c558b8b692d9f64abb4fbd44c38e94d4aeb41586633de93183ef4fe7f0a69ebd2980de9ce3f5a08fe54fc03f852107af6f6a60376e4527f2a791efc52751c74cd021b8c62822978c74e2971400dc73c0cd3f61c038c520193c75ab9e5028001ce2a9032054e704715385a684c373d29727afe55489173818a424714632d918e69074a02f7141e464f1da83d7d453727d3bd28ce0d0210e7a74a5c739a42719c7eb480e47534d0c93ebd714659bb719a4e48f714e0a48c1eb406e30f5ee7f0a46fbfdf1523a71e94c23824f6a00147b77a5cf27e9481c05fc7a50645039ef400f1c8f4cd38100e3fc8a844a73800d04b31c0f97140c9b20d34b2e724fd29a11b3c939a904391cf7a0370320240c60d26f27f878fe74f110e060645585b5948056273ff01340ecca9bdb3f778a37b000638abe2c2e4918b7931ee294e9777ff3eedc51740a123377124fb53370e46083e95a4da7dc2f260718aad25b3c4df346c07a9145ee0e0d6e54ef807ad30c79fa8ab3e58c7151b46c0e4734b6158a8c84f229c99cd39f20fa668461d3de98161531cb5566ff005993d076157178c74aa2d9f38f3f85081880861c7ad3700e7eb4f0bc1c0a68c91fad29022b4e0819eb55aaf4ab91555d36f34a2c4d11e3d6933f5a3de97ad508518ed572303674aa6bc119abd12e56a64c687806b574a8a0697f7c062b300e71da9e8cc878eb5949732b2345a1d46a167a77d9c347b4362b949620b2b0539152bcd23fca5ce3eb5160f5a8a71947763934f64458c91d6948e29fb4e3b74a36f535a90881c7cb5489009ad0946d04d6793cd5c497a09df34600a4ce29715621c381c5263a528e0526680128a5c51401a1bce69cb2907fa533bd1d0f22b32879949a3cc24f34d231cd271cd1640c93cce063afad26fe39a6638e28cf39a5ca31eaff0035299074cd459e871463d28b05c9fcca4f339a88e31d69314ec04fe65209318eb50027eb4a39fad2e50b93f983b8a50e2a0e68cd160b9397e3da8dd81cd57e49e69c1893d68e50b936ee7239a03f3506e23f0a371a2c17342d6e84132cbdc574d0f8ab640aa573c57145f9f6f6a5f33b8358d4a119ee5c66e3b1b1a9df8bc9777159db8127355f7b7afbd2ee3ce6ae14d455912e5726c8fc680474ed506f38e3b5287cf35760b9367939a37751daa1de7ffd5481fb67069582e4c48fad1b813e82a2dd9e79e3de8dfc75e0d3b08901a51d7ad45bf1de8dfc77a2c172d4237cca07e3575793927daa9d90fdee7d2ae745a6903631c0c9e951e3b5483b9c7d290ae7b8aa2466319c76a42681814e551f4a603307a0cd3c2b1ebf8d3b2abc0e4fbd35a51ec3e945856156303d7f1a7045073c543e7e7b77a55323118e28b0ec4e4aab607e34d132ae5783ef4c5849ceeef524712063dcfa0a02c46642c3e51cf7cf6a6ec6cfb55d4b595c663858e7b918ab70e897721cb32203f89a1c9229424f6463f9271cfe94ef2957b8fe75d343e1d8f3fbc919b3e9c0ad5b5d1e0b7fb96ebbfb7cb51ed226b1c3cd9c745613cdfeaa07607be3157e2d02edfaaa20f73935dcdbd800a372fcd9e82adfd955571b47d6b295746eb0aba9c643e170dfeb1d98fb0c5695b785ed73cc658f7dc6ba348864d58c7a0ac9d76cda34208cbb6d0ade35c22201f4abb1e97101c8ab1d0f522a446e393597b5932fd9a44034e81570541cf1d3a533ec9020e10631826ae1906769ea2a190921b1eb52e722944acf696ce08d83f2aa736956f2a60a8c55c7639a8c391c9edcd4f3c915c88e76f7c350bae550573779a25c5a9ca65947635e88ef90702a94f1acaa430045690c4c96e632a1191e633a632aea55b9aa6c0a1e84fa5775a8e8f1c9b99476e95ca5dd9c96cc411951fa576c2ac667155a328915acd918383f5155f3f3f00f5e79eb4f45da4b20e9ce29aab82c58fae056a8e70c8c64f3c52281b46076a69efcf414f1c019f4a998d0c71dc0aab72a4007d6ad165f5a6b00d1fad42d06ccda522a5688e7814862615adc80542467356eddb070d50471b3038a722b07eb52f529685dc6075eb49b4e7269c9d39ed4e0338e39accbdc60068db9e2ac2dbbb8f910b7d052342d1fde520fb8a9e64162bede7146d39f6f4a908c76a6e093f4a770209feed669eb8ad2b8276e702b358f35a408909d45001c52f5029056848b9f7a3b52f6a4cfa500379f5a29769a280347da8ee41a5c64d2e322b22869fbc48e947d29d8e2971e9d2818c3d68e3f1a52381d28231804d301a7a0a5e800a08c60f7a0fd2810800141c63af1d2979c9a08c8a06371800e28ce3a529fce8a5710718a4ce3b528c01c52e38a63dc69193c1a307d697b518a04039ff1a5e00a0f18341fd290d88319a5e9f4a5e09c73d28c76cd310d20f7a00fc69e3eb4817b7bd002638a4ef9a5c628c0c734009edd31400297b0a4e00eb40c69e06699bf9a7377a841ef4c44fc9a05227dda78f5a2e162fd90f94b138cd5a624b5456a0ac0b9ef523b85e0509ea0046064f02a36233e9513ca4e4671db9a6fccd9c7eb4c43cbed39c01ef4865247cbcd288c103753e385dc954424fb0a616200acc4824d48b0f3d4569db6952cb8dc4a8f4ef5b16fa22a804a648ee6b39544b735851948e722b5776c244cdf855f834a9a4ea028cd751069a001818c7e19ad4b3b041ce01ac6588b6c74470eba9cd59f87013990b3ff00b24f15b506891c63e489463daba116ca88081f4a718b68f4ac655e5b1aaa715b231574b4e8cb53a69e01181c7a5698033c7e75214001c7d6b373933551b1456cd029f941c54ab1818c01567674e98c52f96076a9e7652445c630172685c7f11c1f4a90c5fe71424408c918f6a4e5dcbb10375e69e320629ed6fcf0715279476e68b810e70719e29ad200402467a71560c45802063d7150bc258e08e7eb4d868465b2719193de98cc4773c549e51eb8c545221dc41e68d02c44d8fc2a37e98f6a90a1db8cd46c304649a86ec043c8a89fbd5965e0d5670738a8b8cab372a462b22eed5643820722b6e44cad51ba4da41c8ad69bb3b99cd5ce3aef4f78499507ca0e08acdda1181c9c119f4aee24844b6b22fa826b872305b3db8af4a94f98f36b534b54464f2c4018aaf3cf818e9569976ee20718aa121cf5ad5a3019e6375a7f9e40c545db914609a2c809d26c6723269fe703c15aa9df1da9547cd4ac173462208dc29adf7f351a310a78a189c5458772d291d38a903e0fd2a92c876d3b79069388ee75ba25fdb403f7a01fad5ed5ef74d9e13b15777b7ad70e27607838a569c91d78ae6961ef2bdcd55456b58b0586e23de999e6a0f371cd1e69c66ba3948ba09dbe5359a4e4f4ab92be549aa6dc9c8ad22ac4498def4e1cfa52601ef4e1c735648a71e9c534f0294f3da822801bb8d14ea28035446714aa9c815656324e3d2a45871d4573f31af295361cfb534c67938abc2df81c5061e0d2e743e533d94f6a4c11d57a55c68b23903eb51b201d7d2a94ae4d8aa79ce7f3a4da7b54cc98edf8534afe755716a47cf349d062a4c5201dcd34c43067078e6918e053c01ce4d2819a570231d3a62979cfb538818346dc8e2980c20669ddb383d69c40c608cd2633ed4ae0262940e0d28c9e052e3005171ee340e39a7639a4dc31ce29e986047068b80d23a75a4c75a9826e19a0c5c6314ae3b1015c1e73ed4991e952b26298571ce33eb409e833e6ce29320039a563b466aabc993815690ae48ee31906a10d96c638a4273de973ce69d8572c83ef4e5ce6ab890d4f1c81b00d0d0266bc6765ba7d2a166278c67e9532a9755038e29d98e053bb92290cae2139dce691e551c2f39a6493995c00300d2c30179828e31fa53b8d22d58dacb7720e0e2baeb3d2940cedc03e955f46b35851323a9c9c8ae91230a9c74ae4ab5ba23aa9525b95e2b458f000ab491f34f11e71522af6ef5cadb7a9d5b0d48c9207eb5a36b6ad8e72067a53608d4264f06a46bd58170c451626e5c7448f354e49402403f5acdbad6500600e7eb59dfda9b989e69f23902923a10d9c9e3352c6d9073faf7ae69754e4fcc7d0d4d1eb615738e7b639aaf66fb15ed11d0171ebcd3a33ea6b9e3aeab1ed935722d5d3033c1149c18d5446cee0c3a734e8c861d086ef5462bc8dc8cb0fad5b470e320e6a790d1491636fcc4d3847c74a891c904e71528970a3de934d0fd0705c024527968cb9eb46f1bb8a4195dc3b62826c35a351d4542f6e0e7079f4ab448e49c734c38ce681d8a82df8248aad2da16e715ae5463b64714c31824f4cd4dac330e488aaf7cd539064f4ae864841047f3ac9b984a13c52b08ce61c1ea6b36edb1f856bc8981d2b22f57f76d550bdc52d8a2252124e700035c5bb92cc7b927a57585b2920f404f3df8ae4c8c86393e838af468a3cec43212c429c13d09aa2ec09fc2ad00423927daa893ce7ad6e735c5ce39a7a9054e6a2ed4a09028b00f55cbe2a50833ef50a365ead003152dd812131cf3411c119a500f51fad2e3148646831904d38534e43027a54aa0607a50086f6fad041c7bd2e39e69719e08a06340e3146df7a5f6f4a43f4a0443283b78355b1cd5897818a80d52244e4528fad37be39a702702a805271d0d21e9dff001a3a9a4fad001cfa0a28e3d28a00ec160fcc7a54e9073c8a9d100c71532afa57972a8ced502b7900531a1c0ce2af08c15ce334c31f3daa5541b8996f10c67155de31e9f5ad591063b55496219ce2b684c87146732e381513478e7f2ab8c841a81867b735ba919b455208a423806a661cf039ef51b0c9c1abbdccec37030683c719a5c518c1ff001a601cfa714a07a0a4e4670334f0bdb3c50318460f5efda976f229e1453d572338a96c2c461083514c7038ab0eca9c9eb552693790171cd0b50d0a8ce73cd5eb1058838a21b07979c56b58d8f97c95029cea2482316d8cf238f4c535e13e95abe40ce31daa3920e7b7e15caaa6a6fc8643c7ea38a8caf715a0f1103eb55a48c01935b4668ca48cdb83eb5489ab7767f787d2aa66ba23b19301e95234a5d1108185181c7f3a6638a50a734c136b605152c29fbe5fad090b104ed24559b55cdc20c77a02c6bb1f286060b1005547859df926b5648e38e3ddb7e6c939aa44798d919acf9bb1a5ac57488292c4f4e95a1651664cf1ff00d7a894020a9fff00555bd3118ca3d07ad449e85456a75ba7c0de5a96eb5b091f18fc6abd8447ca5ea462afedc2e6b826f53b6042a369a91768c9348ca73c647bd4726481df3490db1f2dc90802f06b2ae659643c0e2aeb8c8eb9f6a84a700f6ada114856b99af66f2104923bd2a58e55b0cc0e3902b4f8518028539278adf9ac4fb3325f4c666fbe47d2ab4da6dc20263909246315d10518ebd69854104535326548e41d2e626f989cfa8a7a5cc858f273d8d7472c292020aa9f5e2a91d3a30d90314f9a2c8e46b521b6bd97e6c670315b7a7ea2c53e6fe1383cd648b328e483c1a9d17cb919c7527a7e18a96a3d0d22d9d7da5c0918824927a549bc13f2e7ae78e86b9fb6b9659721bf2ad48266688123001a86ae6f16cb997ce78c548ae5948ce0835512e4ec248e31c5462e76b800fe351c891772f34b80493d2ab3dd8e79c01cd54b8bbda594fe23dfb566cd744274c9e466972a7b09ccd98f51c4659dc103bfbd28d5623fc58fc6b919eff645e583c2d66cba8b67706c7347b1bec66eaa5b9e846f55972ac290c91c9c1239ae023d526401964e0f6ab70eb730e5b38c543a5242f6d1674f710819da7ad625f42d8385edd6962d5f7afcc7ad585ba8e6186c722849a7a8dcd3397788a99339c60d7299396fa9af40b9b6026c8c6d618ae0655c4d22f4c31e3f1aeda4f538ebea88245d91b63a1cd6774e0d685c12236c9e48e2b3c839ea2ba0e51b9e293b73f852fe3471de900e8fef735714038aa5193bb8e6aea1f979a9652171934a56940e7a8e6940fae6a6e323750178a728ca8a90a0229a8b87c76a2e02eda366471daa60b9071eb418ce718e715371d88083d85308ea2ac952bd3935190003914ee0d1467fd2a0e9ce6ac5c7a76aae067915a22189d4fb528a4c5385508318e690f3cd3b83c521031c5003777d68a77e1450074035b03b9a9535acc8067ad7359a961ff5a879eb583a1035556476b25e04b7121ace3ada6f3d4fa541a84db6c957a715cf1624f7e2b2a7422f72e751a3a9fed68db9e3f0a63ea511efcfad733bc8ef4bbc95e4d68b0f123dab37a4be888edf5a856e91ce05636e278cd4d6ec7cd19abf66913ced9a12c9b0f506a2f3d49a86edc93ed54c3104f34e31137a9a4655cf5a4f3148eb59fbcd2ee38c669f28ae6889571eb5229ddd3159418e386356ed18904d2712948ba1973ef53ab2838eb58d3c8c2438e29a2e1c0fbd53c8d8f9ac5cbd7f9f1555485619a8de4673cd3371eb9ad22ac886eece8ac2e50280c4568c7731038c8ae3d2675e549ab2970e133b8d61528731ac6adb73b28e64752568600f7fc6b928753963e326ac7f6cbf7cf1dab9de1a49e869ed626ec8bce455395010462b3bfb619b8c76a89b536271deae34a6852a9168ad78851f155719c0cd4d3cc6639a87f0aec8dec73bdc39cf35d07857406d7b5886cc1da8c7e66f4ac1001615eabf0eadd6d74e6be03e7de429fc2a6a4f955cd68c39e563a48fc19a3584011a30641c127926b0aefc236724fe64002e0f18adababf919dceee879aaf14ee1b703f8571f3d47adcf43d8452d8a23c2a92db48371dd8e31eb5c5ded94963318dc60e7d3ad7a7db5c173d6b0b5dd296e4894af2b4e351ded231a9495b438153b4e719cd6c690993c64e79a8e6d38a3118233d315d0689a6e46581008eb5a4e4b94c631d4e8ec97f709f4ab2572307f2a64506c00678ab1b41e7dab89f73ad2d0ae53ad458cfe1c55a643b4e2abc8b822aa2056931f975aaad2aae467bd59981c1ac7ba942e4679f5ad50d133de46ad8dd92476a12ea461954cf1eb58c2e021e0163ec2a59ee6eadec9e76f9107400726b48c1b33954513716599c7fab148d33a70d1f35c58d76f1a4f95c9e6a78bc4574b2796e7393fc54d424ba03aaac7522e632707e5f5cd0591ba107358cd732a1dd3c0e9919dc0641a9239830051bf1aa716b71c64a468b31dc0539707bf4a82293cc186e0fbd4a838e6b3b1a5ac5988e1b3f856846ff201838ace4600e09ad1b6209c1a4a45124ed81919048fd2abb4a71ce71eb569d0e482783d3359f39c0233cd4b77191cb26ece48aa5212c7144931cf5a80c8739aa4652dc47b60f919e0d5393495909c310739ad08dbe6eb9fad4ca06339ad1368894133253463d0938f5ab2ba72a67a927d6b441534f18fae053736c4a9c4c492cd918ed279355c5c4b03e1891ef5d198d5c91c567de5a020e052767b872762bdb5f2cd2885ce493c7d6b8dd447937b7280f49180ad6b977b3bc8e41fc2c0fd6b2350749afa764c9dce5ab4a71b339aabd2c5298036fc1e735448e2aedc90b0103af154b3ce3d6b6301bde948c8cd078341cd021546def56d240140f4eb559327af0054bb978c62a58d138719ed9f7a7abae7f9d55f301eb49e677cd2e51dcbeaca3b8a6b6dc820d538dc9602b561b2f363dd83d33512b2dca5ef021460083527ca4039e69915a1129439e7a0a9db4f60462b3724524fb10301cf4a85c022ac4966e9d0f155ae2de48d37678a6ac0ccfb9c6eaadcf6a964625b9a676e6ba22b432634714a0d19a5a621074f7a319eb4b8a081400dcd14ecfb514009c83c53958ee07d293191f4a41401a37774b3c4141e7159e3bd3ba51d692561b7719d7bf346096c76a76dc0a5038eb542198c1a7a3fcc0e7a534f4e6900c0fe9400f91b71a8f1f853e8c134806119f5a31d053f18e28fc2980de9d055885f6a91d3355c8a5191f5a4c0590ee24e69bc0a5c1e2822980dc67a51edd053f68f7a4c77a0017938ad4108163bf6f6eb8acbe9c55a5ba610797938f4a9926ca56ea55c9dc79a4c9a53c9e2971cd324407d28ed9a51edda8c500028f5c134671da940cf3cd00393ef7ad7b1787a35b6f0cda003975dc6bc82252245c0c9cd7b2a208f47b411fdd68d71e8062b0afb247760d6ad914cdfb900f52d56a0f95013e9553699ae9625e427f3ad98ac199304e0561276763be6d19d6f27fa61032171927deaec85668994d4373e5db6d8e25dc41cb1a641266665f5e4567331915a5d337bab6de338ad5b7b658140031562355116481488db8906a1ceeac6491298c11c6323a52827674a693b79ce0d2e72011ebdaa0d008e075e7b544c831d39a9ba0cff005a8d80272722a95c69142e632413cd654f625c67039ef5d114c83c71de98d1a8502ad486726d69243247b941453cfd2935c45b8d25962e5a360481dc57493428e9f3818e959b359ab0c26076e95d10a8cc674ee707a75dbe997f0ddac68cd13ef55750ca4fb83d4539125d52fda4200791c9c01c649c9aeb06850094ee8c313d08f7a2db488ece42d092ae2b6e656dccf925b1bab6689a644b2e0b04c1cd739796a904be641f2e460afad693b4d20646909c7155fec7b9bef9f5e4d4caa5f434a74545dd905b10d2edfba7d2adf278231491588865dfbcb1f7356244dd8da38ac5b367a9131dbb4d6ad92b375acd116ec7b1ad7b138e3be2b29345c5685e48c118c7e358faa218c9603a56aac857e5e73fceabea710920271dbad64a5a8da3942d852cdd6a24fde64e703d696e8b2b85ec4e38ab763a49bbeb31f2fb15e2bb6117239e4d4752b028bc3363dc9a9966b6da3338071eb5ce6bf11b6d4e4b6466655200dc7d6997b612db69b67742e62904eae446b2e5902b63e61db27a569c8ccfda5ce9c2ab731dc649f7151bcb3c3927e703d05731a424b777622f319460f22b5277bdd35b0e4491fd39152e9cb712aaaf635edef43f39fad48f2860dd862b0e2b8495c4a9c13c102af9cf978edd6a522f98c2d67e79805e493f956036030e3b939ae927884b2b3374504e735cebe7e6f4f5ade9e9a1c7596a413fcd55fcb1d6ac5d121463d6a96f39eb56644be502b9a04231eb51f984719a512b7ad00023f9b14f30639cd303e0e694ca4d021fe50e86a6f2176fbf4aade7134be7b77e94865986208d93d0d6b59dca2295f4ae7fcf3ce69cb7050704d44e1ccb51c67ca6ebdc2f9c181fa55e86e16565e99ae585c36724f5ab963785275c938ac674558d63575d4e8a78c122a86a08440de9ef5783f9a148aa9aa1fdc30e9c573c2ea56367b33947fbd4d2339a738c1c669a41c63b57a4b638c4fc2957d7bd21f5a5e7140833e9413cd03ad06800c7b514dcd1400f2722901f4149ea280318a603b346ee693045275ec6801dba973c5201d29e480290c671e9499c734a4f634800a043b1df340618a692578c52edc806980edde9484f1ef4de690d00389068ea69b9a77418228017a74a33c67a52753ef49cd201e79c534f19a424d1ee7ad30034b9a4ce79a5a402e78f7a777e0f151f6a5078a0070033f5a08f7a6eee452e680014e0064d20a33b4fb9a064f1821b8eb5ec1a6c827f0b69d3039223c7e2322bc710f3d6bd63c20c6e3c251c7dd2464c5615b4573af0b2b337b46b2dead33fde63c7d2af4efb53621a7bc896566b12f0db455257420977c0f6ae64936773ee2c168a5279e4fb8ab81ee6a959406594ca464282b56aeae5dd162897628f4efee6b460b716d6889fc58c9fad39b495889141e5db85f5e298ae43e2a39db13b038e0d37710c39ae664a2d97f9734a9282b9aa8642095269d1c9d87145ec5d8bdbb20faf5a5e181cd42ad8a954e3d2a8690e51f2e3bd0514f38a09c0a7641e69a1d8ab3405c607d6aa35bb27419ad4cfcd485413ee6ab982ccc66420fdc34c30cb9e1793dfd2b50c7b8676e4668f29b7640ad1487cacc8fb349d7a76a05b32f4ebdf15b3e4fad35e351da8e62b9599210f7cd4ca800c1eb52bf0c78c738a4c120739a96d8729094c1c55eb15c30a8962e727eb56ed549906074a844b259061b819f6a90c4b35abaf4c2e4536e10aca3dc75a7c526370eb918a87a31ad51c94d6ab33b13c629d0c335bae219180f4cd589632b70eb9e32738a36381b949ff000ae9a7333947b985aae8d717f37da015323601f7ac2b8d22f63e0ab143e95dbb4a54e48228055d083c8c62b7e7464e9be8735a2db8b27696453bc8db8f4ab1a83f9ee36aed03b62b68dac65572067151c9688c3eef4a4ea312a48e5591c4dbe3509db68e95a91b931004fcd8e957869ea589db4d7b7f2db0318f5a872b872d8ccbb88c7a7dc39fee1c5722e48076b1fc6bb6d68f95a2cddb780b5c39258e47d6b5a4ef739abe9a1a161611dfd9df06244b0c0654f4382323f5ae70f5f435d6698ac9697f367a43ce2b956e5893eb5a26ef6329452498c3d68e73c52fd69db7278aa2069230077a403dea65819ba502dddb8f4a2e80871c7d69391c1ed53fd9dc1e7ad218181a2e0458f4e9471e95218c8a4f25fae280b0d271c54d6d9320350b2301cd3a138907e749ec0b73a6b3930ca849f6a5d55bfd1d8e0e48aa22e953cb61d451a85e2c96fc1049ae4707cd73a14972d8c47eb9a61fc69cec4f414cce39aec4730bcd1d7bd1fd69501cf2698083d294d48f1613703519a004a2939f5a2801f8e6931df34ede73d28ebcff003a006f4cd1838a523f1a4cd0018cb648a7fbd301c1c9e94e04678a0069e68cf1cd389ef480d0027e74fce3bd2038a5073e948634f5a4c738a7903bf5a4e0502108fd2901e39a7f51401ce68011450c3934ff00ba286c1edd68190f6a5efd2a4dbc52631d45021a3920734ac314e51839a5ea281919c9a4f7c53c0c0cd2fd681118ce681d4fa53ff9d047bd00032073498c75a70078a5edc8a062a0f9866bd6fe1f2a9d1244c7024dd5e4a01c57a2fc38d4368bab366c06c328fc39ac6baf74df0eed33add4e49b7642e5074355eccc92b2ee52067ad6ea446755888049619ab775690c2a028058715cb1b247a2ea3d8ce090aca9820b67a54f76e701bdaa8b89127dc012339156aecfca07538a89220ca9f0653480e08ce7af7a2623cdfe94d53f37b56624ecc748bc03e94b110718cd123647bd3626da6a7a968b41b079a7ef3554b1df81d4d4c8c36f3c1ad16a5a2c025b8efef4e50c09cf4a815fd7bd4c8dc9009f42290c948e3ad3827bd331cd581c81903a7e74ec58cc0ec460521e471e94e2b83d0e29767a71eb5570b911e17f0a81d49e79fa55a23b0e734cf2f182d914ee36ca2e81988c52a47b7b75a7dc4aa84607d2a012b3374e2911b96554723a8a72308d8118a814b138eb4be5b3127079f6a4d9362fcb207c1a6465558671cfad575de005c1fad4aa8c4818a9b9ac56867ea7094ba2c3a373490a065f50474ad9d4ed8cba6a4c3ac6707e959101dae41aa5a6a45ae32581597902ab1b4f4e056b08c3019f4a6b43b7a0e2b4553b93cad199f65939c720d3c5ab11ce73ef5a5b3f2a42a073439072994f1954391d2b3e63c8cfd2b6a60006ac3b93b4f4ef8cd11644959195e267ff0089645eef5c86d05863a7e95d2f89a43e55bc63a72dfa1ae6dc613278c75aeca4b43ceacef236b4ec0d035173d4a8507d7ad72f711ec23deb7a29d62f0f4e808cbb8c71f5ff001ac1998ed19e94a37e66136b95101e7ad4b160935077a9237da4e6b466268db0e48353220f339aa11dc05079a70bcef9e6b2945b2d4958b8c5449d05325c3300a2a90b90cd93532dcaa9c8e4d1cad02689fecb93938e6ac9b6458c7ca2abfdad580c75f4a7b5e295c01cd43e62d38a21bc8916238154ed62defcd4d7572244239cd436f288d81ad637b10da6cbcd12a29dd59721cb15c9c5599a72e48ed550fde34e2bb89bec46c083cd277cd484e7de995a102138e69431e314878ed4e5e4d0038c876e39a60e453d978a6678a0028a4c0f5a280343ecbec29bf65fad5dc0f4a3df35372b94a5f64cd27d9091c55ee08a763d28b8d44ce16a7a1a3ecac3a55fc724d2e067a7bd2b8ac671b66f4347d99ab4b033d38a5db938e38a3987ca657d9dc1e7a52f90c0f4ad2da074a4d833db14730b94ce684e47148616cf02b4b68f4e290aaf4a3987633fcb3e946c6cf4e3d6b404639e33e946c18e9d3d451717299db5bd294ae319157c22e7a51e5f3d33f4145c394a383b4823e9519539c115a5b14f6fd291a25cf4a2e1ca67e0e7a714be59c66af790bd08e294c6aa3005171f299c54feb4878ec6b49a00dcd30c028b89a651079a08ee3a55dfb328edf5a436c3b0c53ba158a408ef4a0e7356fecaa38e9f8506d40c5170b32ba9c1cd6cf87b503a76a514ddb383f4acefb2f7cd3e3b62ac0d4c926acca8dd3ba3df74ab947b559c1e4af06a579cc8f96ce335c3f84f5add622da47c3c5c2fb8aea16ed5d7af27f4ae16aceccf4a0f995cbbe7206ddb45539e5f3189c5219148c96c0ef8a80cd1eec2b0cf7a4d1a35a15a61839c7351f42322a79486cd340ce33deb3d0c98c079a4ce33eb4fc61ce3f2a898fcc3dea51a447039e2a653c741eb5029249cfd2958e0f0715772cb2ad9e7bd4a8d94f7aa884e73e95601c74a69945b5638152acabd076ff1aaaafcf5eb52020550cb208ea6812fb62a0326df6a8cca475345ba88b5bc2e493938aaf7171f2f5c62a0798331008cf7f6aaf393b0f3d453b00e40666dcc38ed5752d918819c13dab3a2b811a8cd367d4844a18125876a121a364471c43248a5fb5468dc018ae366f14b07da626c67d6aedb6a6b7003293cf3472b12b36758b109a232a2f0a706915901e958916a2e89b43103eb4af7e4464671fe355c887aa35ef2fc0b77897a1ea3158cb92d9154e4bdf35f00febd6acdbbe727b56528b4c3d0d48b0ca33d6a4d839fad41130c039a977e5739eb5371ee07d2a0900c707a548cf820f6a8a46e0e28029cc4e2b12ef83f8d6a4d21e7d6b12e25dcd939f5ada998d47a1cdf8909f3e200fcbb718359272236214818039ad1d7a5325ef182302b2cb11853dcd76d3d8f2ea3f7882e2e596068070bb837e5551dcc82a498832b002a318c1154411e33de804e69ff00ca9077e0d324424e7149839a5eb4ee0d0047834bfa53b1eb411d714002315a90cc58f4a8f1f4a3e94862c84b7e14e893730a6139a9a20179a00b3b5361f5154a45f98d5927238ec298573f5a490d958a9238a63290718e6ae2ae0734d75520d55c454079a39cd3f18ce2998e6801d9e3eb4ce7d29e471d29a073cd020e3d68a5db453036bb75f7cd0400051e98e94a383d7afa56668841d7a628e7faf14ee38a010783c502100c64e2971efc6681c9e05387b51718d190297bf4a392281c1c76a2c3d44e33cf4a075f6a7607b62908c7e35202738eb498cfa5389a41ed9a760133db1c51f8f5a775edcfad2639eb4216a84c0c818e051c63df34efe2cf6a4ee7d681898c0ce304d1dbd79a711c537a91d33400839ce694723f0a3a77a5039cfe9409310f5c9f4a011e9da97b72294fa0fc281dae371c7bd2e3da97031d2930739140080751e94bd4734bfa5031dcd0c000c6294714d2dcd1905738fc4d161966dae1ada512a31dd5d0daf889d63f9f079c735c917c75e94e121007a54ca9a65c2ab81d8cfe2595a32a9f2922ad6853bdd4534ace4c88e3a9ea08ae156660bf7b22babf0a499138cff083fad633a4a2ae6cabb93b1d62b970054a54f63c55685b239c55a563b4d729a751a78e4d44ea08041e6a42dc6698bcb9ce7148d50631c8eb4d6e5f15249f22926987a645522931e980093532e4ae7150a0dc7181cd4fc46bec2ad0ee38b843c914a8cd291b4102a8a9334d9c7ca0f15a08e2340b40ee3f6610163cd319411c534c84af5e290cbc6460e6804c624586ce3de96440dc628ce718e6924ce723b55450ee8a371036df97b55247daf891338ad8dd9e7b62a16816419c004d68ac4b6918f3e9f04cdbd5707b8a836bdbcc8a9f77383f4ad8f2761f7a8a7b757e46335adf425dba15ccdb4fe3eb54ee6fa420841f9fad4ef0337538a81d1475e6a6d721b625a477263f318f3d718ad482720aa1ea7d2b2e3bc902848d6b4acadd99bce909ddefdaa66958b85cde88e5011c53f2477cd408db57229c5f3df9ae5b5cd10f91b8e9c546edc707de98ef81f4aacf2e467b6290cab76c371ac499f73633ce6b4ef640b939ed8e6b0dc92e4fa56d4cc6a9ceea2fbef58e78cd537c28dc09e7bd58bc199db3ebdea9b67681f95774763ca9bf78a9237ef1beb4dcd3a4fbc6998f6aa243760e2977738cd37e9484679a0438e14fbd26eed49d78a51d68b00a08a0914dc6683c5031d9f7e2827d29b8c0cd1823bd002e69eadcfb547c0a3383401601ce79c529c1e41a8431c7146f348098362a363d79fc299e6114d624f39eb40013ce69bde979149d3eb4c438f4fad341341cfa503ae6801d91eb45260fa5140cdb1839ce4518c8cfbf14ec640a2a0b48319e9498a500fad2e3238a1009c91d3a74e681cf5a53c8e9460fe145c051c67fa5263814a3a75fce97a8e8290ee3001b88ed46063ffaf4e0474a08c7038a180ce338c70294f4ce4d380c518e719a00676a369c1c714f03f1a3ae0d031b8038cd18c67d4d2e074e09a31cfb74a05d06f4ebd2931814fdb4b8fc6810cc63d2933c8cd498cf1da931823d281e837d4e38a5c76fce971d31eb41191bbf0a40371cf3d297f0c5388cf1c1a31834301a48fcaa3c92bc738a73039c76a36f19aa10d6f7a70e9410318ce690e547f9e94088dce69d8ca73c8a69009e78a7e7825734c0620c8207535d4f84037daa55ea19315cca8e3f95759e0b8ffd2dc9e46debe959d6f859a525ef23a787e56707a55856f979e951dc26c98e3a11c53d07ee08c719e2bcf6d33b2c030170707148b8dddcfad2b1c281fad3071cd06a87c9f313e9519fff00550ededc668cfe55490f5459b719e48e4532edb0bb54e771a443856fa524a3f78a339ef4c10f880440051236c4dc73de9eabc64f7e9505fbed8c8eb8aa88d903ddee040a48e462c33f8d66f9e0f19ea6af5bb2b803814db3357668c47b023152f51cf4f6aaf1e1580ce01a980cf53d3b9a132ac232646477a806e507eb5640e0f22a3311da30723eb54a43e565491c639ce6a0f3031c0a9ae227dd8c1c532342072315b292336a49904ea5d3150fd97eb8ad368c6de948aa146e1d2872b0d6a52b7d3b0f9238ed5a71ae06d0381c1a4dc141381ed4aaf8e6b9e726cd23645a45013078a85f721c8e94be7022986404738acb546971370618aab33ed071ebdaa6906df9874ee2a9dd90a99ed46ec4d99f772864359c0031bb7a29a9ae5b2b8f5e29d6f10f2c83dc1cfd2b55a239e4ee71f2cbbdb3803bd57f46ce460f19ab371b56ea608010acc062ab11d003dba577c763cd9ad4a2e72e69b4e620b9a693cf414c910f1d28e06694e7af4a4ebd68003eb4027ae68fe5463bd0019e3b51eb49de973cf4a004cf6a3da9474e9498cf34c4047ad0062978cd0339ebc52001d4e283d39a0827341c9a06000a5f61460e0e4d260e68010719ef4def9a7faf14d38cd021dd6931c8a70c8069a3a53017f114518fa51401b7c01d0f4a51c1a4cf1f5a51822b334482978a3d38a5efc9a41a20edd6931f534ee69a0e093421e80781d0d29fbb4b91c75c520e473cd01b0751d28e9c0a5c7058526727f0a003a8c50063914a7af341e1b8a1ea1613a1e0d1b7d2972491cd2f14810800edda834a0019e28c7279a2e030e2976fcbc52f38a071ec7140584c03da822948c77cd03a67d680b09ed46dee3f1a0f5c77a760e49fc314c1098c8c8a4e00fd29c3b0a5e01c521e840c086cd1d4f15295cf7a8f0ca4fbd5213108e46682bc73d294b8c73e94a4ee19a622125738fc29c401d7814d71f3e33c8a738e07a5021d81b4e7ebc575be091fbf958f65c571f9c8e4d773e094ff00469dcff7b826b1aefdc36a3f11d0dcf2cbed51ab6138a7dce3a9ed5086f97a579f13b58f66c1148c46319a42c08c7b5371dea8680b1efcd3946e3c0e698bf7f1daa70002793f4ad114d8e8d78ed9a186e9727b0c52a838eb83413839fcea5893250c1541238c5665fb79870b9e6b4d30d191d78aa52458623deaa2f42ac60dc59ca3e78f391d6a08af6784ed704115d3450e7823f3a64fa6452e4ed01b3d715a294766249a3361bb675077fe756d6e198fdee31eb4d3a598c608ebed47f65e4fca769f51c552e52f527170c470c334e133efef9acd6b0bb864e2427f5a5ff4b503726ec7a55f2a1a6cd8178b8c32eeed9a9d1ed99412704f15cdcb7722b61a3914f6ef49f6f53801881ef49c2fb15a753aa58edc8037e0544d1479c23d73c2ef39c49fad385dc89c87cd66e32135146ccabb4804f5ef50b3e075aa2354cfcaf8fa9a9bed5138cab026a1dfa99c9123cfb734249b8e3ad5566dcdd78356523c0f7a7149a33bbb93b3e50ae79c566de37eeb157e5f95371acd9bf78eaa39ee7f0a8b6a54999f7030c17bd3cbf956aef9e8299364dc9cf4aafaacde5e9cc33c91815a35b233be973957c9f30f525bd7d6a3624601f4352331d8013d4e4934c61b8b1ee0e0d77a56479b27765061cd3548c9fa53d873c534af7a091a727a9a3a8e69fb73c8a3191cd031940cd3b007bd000f4a0069eb934873da9dd0f4a0fa5021a734a3a52e0d068010800934a0138341fd694707ad0021c0e9d68c9efd297ad21e28001822838c6681d3da838cf1d2801a7a520ebc53dbf0a68e9c53017b75eb4a4628140045200f968a5fca8a065c13bf5ee297ed0def5079bd00a5f37b714ac82e585b96e7347da7fbd9aae2519a5f317bf34877658174411d69c2ebd381ed558489e98a7064cf4a2c172c7da85385c29e73d2aa6f423a73484ae383de8b073173ed4b9e0f34e13a1e0b551cae78a3827834b947cc5ff3d0f7e281328ef543af19a70033c1a394398bfe6a7f7a8f357a03543a77e6804818079a394398bfe62f7238a5f3475079aa1ce38340240ea68e50b97f783d0f34a186783daa865fb351993d4fe74728f98d0de38146ee2b3f7498ce79a5defdcd2e505234370e78e94020f7cd5032c9479ce1b145985d17c7d68ce4f5aa0d70e3b528b96c640a1a0e645f007b50060e4d5217471c8a70b9c01424c7744fe58e693ca2791d2a1fb4d2fda7e63e945d8683b61249e714a413c63f3a69b9047b52899722816838293803b8aeff00c29118747dc7f89cd7051cea5b0057a568718fec5b7e3af35cf886d46c7461d2e6b96e7191d05540d8257a1ad164dca3dab36704393d2b8d1d520dd8f7a93826aa33e1b3fa54c1fa73d6ad22624a1726a40703dea28cf039eb527527daa91572453d2958f205351be5c534f424139a1822d210a3a0c9a610189602a18a43b79ebdea7886176ff3a16c58aa983d3b53d7ee8f5a067bd2b267a5245a1783c771d297cb0c7a73dfeb4d03f3f5a93765726a90109b77dd9ce714e108c7ccbfa75a94c85067daa07bb19c63e98add3d06a5dc57b2864e4a0e95565d22dd9978539156fedbcf6fa5235c237534f99a1e8ca0fe1b8187cac07d2b2ae74378588495863deba36938e1cd40f1eee49ce6a7da3071472d2e9f711a86de4fb555f22e84c003915d63c3c609cd4496e3774149d55621c3b1936f0cc1f924e2b6e2e22e6816c3737cb835208f6ae3351cc9ec67cb620b96db0d662e77bb1fe15c0ab97afc63b55166d909ce464e6947714994c9cccc71deb2f5b72cb1463b9cfe55a20f25b033e958fac961710af4c21fe95a4759230a92b44c89724fcc0050db4714d19c301f8fbd12125b0c790d93ef4f0b94fd6bb4e1338f0714807069580dc79a33c734008381400714b8f7e293a1a0041d48340ebc528347f2a042375fa50173cd04639a00c0cd0021e334bfc39a323349c503138ee68c75eb9a0d2f5e7b5021a38a3a5388e78a38c50037a51d3f1a763b0149b78eb400dfe749fc5cd3b18fa520a005ddce68249e31c529146319a004c9fee8a28c9f4a28024d800fa51b4919e94f04f602807d6a4637695f7a4da73529029b8f5ed45c0611eb4d2c6a4239f6a942ab21c8145c695cae1b9eb4ec0c75a695c30c0a93bf4a621f042d34a156b4e4d06e6387cd18c63359b14be53ee5ed5a8daecc60f2b03a62b29b9fd92e2a3d4c7915918a9c641a6e48e9cd492bef72c475a628e3a715a2bdb520371028de7346074a5038345c2c1bdb381c51bce09eb46dc13eb4628b80798c40a5f30e39a68500f34a403d28ba01c2523814195a9bc1e0d21ebd280b1279c68f379a611de82bcf145c0779b93c8e280df4a6eda43df8a064be676e29438a8867d39a304f4a009778341719e6a2c11f5a3b7239a044e08a032e4d423819c53813dc5032dc2bbe45507924015ec1630791a6dac78c6d8f3d2bc9b4585ae754b78f1c9901fd6bd99942a05e31818ae2c54b6476619697212093d323ad52b98c9071c55fe473cd452c64a935ccb5d4ea9182fc3e08e94f57c0c669f731e0eec66a9f99b481f855a32d8b892fce00f4e95695b201ed598af9239c1fe55762906cc67ad5a7d8116378da4670685f4a8437cc73d71c53d1f9c91cd4b6522caa00491d6a453b41e392734d8cef02ac05e831c9e68e85a642ccd8ce08cfad244e4704e6a7299c6053594260e284d22e2c7fbd3f19e40c542adb89c66ac0ce38e2a948a1924794c0aabf670a77373ed57f1c63bfad467eefbd5a9226d7326552ac59707e948a18a93579e2c83919f7a8c47c118e3d2af9bb0ac552cc31cd3c3b354af0763d299b36e48eb50d949584c13c75a1080e49e829a720e7a5397249c0eb58bdc762703ab63150cad8dc738a9feec7cf6acbbdb80a302821956e25de78aab70e36aa8a37fcdfe355e56cc848e95ac76316c40ca9b7791827bd62eb1324fa8168ce405c018cd26bf7db3091f5cf38ac7b773202cc7f135b53a4dcb999c956a27a133a00b9008e318f4a8572ca79c7a0a7cb2a3390a46d3dea1932a99cf3b7bd759ce54270c6938f5a696349927b521120e0e4f4a37671c547938ef9a3340c7eee4f34a4f1ef51838ed4a0e466801c0fad2f1f5a613d4d00d021c47b534773403e94671da80148e869718a68393d78a0e3d6801c718a4e9c8a4cd19ed400b9cd27a52e693807de8011ba50a7bd068522801c31d4d07eed19c12293a8e281860d1471450226c60d1d4519c76eb4646315250a3af7a5383d29a08f5a3773da8001c76e95206c918c1a889dc3af34e55340d315b6f18a6f6e69adf2be69d9f53409852818e949d7e82941ce7d280131f4a314bd00141f5e868b808071460f4a51f8d0391f8d002f534873c819a5c7cdea28e3140087b51c834a7ee8a327bf7a4018a318393499f7e297a0cd3001d718fc68391da981b9a7a934804e40a3af34e2013d4d262800ea78a36d2e4020f7cd046ee9f8d171801cd1919a51cfd6803b7eb45c2c21e7f0a781c63f5a4233918ad7d3743bbbe1b923c47dd8d16b81a9e05b3fb46b8b2374894b66bd2df93d78ac4f0b6869a6412cc3966f949f7ada39cd79f8869cec7a1423688107af0698c720914f1c6454671c83dff4ac91ab28dd440fe558b731957cf5ae8250492a7b5675c4408c8abb6843465c6e3a13cf4e6ad47276cfd2ab3c2724814d0e53af5cd1e82b1a225e08a91186473f8d5059430cf7a9e26246296a2d8d38a4d839f5ab424c8e3ad6623f001e2a74971c5522932fc6fc907a50c03274e955565239c8a9964e33ed458a4ec3d0aa919ef532f2fd78355c30c8ce39a994f230687765a90ef720f15228ec3f3a8c396240ee6a48c951cf4a9d4aba029b47e34ad0ae33c53810c47149d4edfc686c342b4b1e077fa5567183c715764c7a5569403c8eb4733b0cae139cd3820da4d498c7d2a2672b93d052d44d90cd3ed89bd338ac49e4f31cf43576f27e300f06b39b85dd571898cd91336df6cf354a69bc985a46ef4f9e439ebc0fd2b0751bd3266352703a5744637673ca76336ee73713b31e80f14e46c4191b54283d7b9a88ae4e69bd783daba568723d5dc606f9b767e9571c992d848dd81155307153348c2d4c65ced27a62a9326c552a38f6a4e73d38a9428038a6e38c76a2e0300a0719e39a902f3c7a526da2e0308e946d14fd9405c517018471c1a314f209a083ff00d6a2e0336f3d6823d29fb7268dbde8b85860029303b53f69f5a4da7345c437a77e6931ce69c7ae08a00c839e2980847cbd68ebf5a3b9068efc1e68018c7140c66948e4e6900c03cf1400fc7e7405ef45267de80131452e68a064e473cd34125aadc96cc141c55db5f0edfde45e6456eecb8ec2a1c92dc6cc527149bbd2ae5ee9b7366fb268ca1f422a9f96c4671549a7b120bd7353ac802e4f5a876907904529e718cd0d1a45d8477dc739a682734ff2d88e86998238a76219203918cd381c1a6c4bb8e066ac0b76f4e2a408b9cf5a1bae2a7f21b04ed349e4b74c52b810f41c75a5e3352981bd0d2188fa73400ce28a79438e45288d852d07722c0f5a4f7eb53794c41349b08e3145c2c47c0fc69ac48a795c647a5336e69811639cfad48a7d69e23f41418b0453b858074e69477a391da8db523173da978c75a4d873d697667a51a00678e294631ef46de73cd395327eb401774bb06bfbd8add4125db1f857ab5fd8a689a5451469f3041bab17e19687e7df1be95731c7d38aed3c576ad7168e47dec50df42e3629586534c89493b9c6f627be69fc67d2a2b7955ed6223a6d005389dc315e5cf567a515a0e6c91c1cd331938c53230cb907b74a52c54eec641a223b0d74c9ed9aa734401247435789dcb9aaf2e403ef5a5ae4b4654c803554740ca4a9fa5684d1e413ef55845b49c77f5a4fc89b1406e435347311d3ad492c5c9aa8ca50f14b50668090100e454a25e01fe559a9236339a9d66cf19354aeb711a69283f4a9d5b0073c566a481475a9639c1539e6b5d049978393d055947c8f6c566893e4c8ed53473fcb8cf5a1450d3341586ec64647a76a95db900f422b352400e73938c71531b8ca72d81f5a728a2d32eac85703229e1c1383dfbd6789d5ba76a799802096fc8d4b821dcb12904f5aaecc01ebd2a27946dc66a269805e7159b858131eef87078f4a827976a1f4a8da6c9e4d52b99c618678a2cc4e5629cce5e4ebc0a82e24c2919e83a523b9553595a95c490c6091b735b411cf39956fef540214f5ac6662efb8f434b248589279a67f3ae98ab1cae4db0e3279e29a7ad2f3f8d2127229a2431e948c4923b62949f5e298c79eb4d0343b6f1eb4a001cd229c8eb4bd2801318e68233c8eb4bdc6452f06908681c7346334e1cd18e3af34ee086edc71463d7b52f5a3a1e9400de8738a523238a760673475a008f1d28c0c734fc1cf5a4c5016216e39a438f5a9180e4d459c648155b880fe749df902838fc6937734c407a1a5ed8a69f7a5fa668014f3c628c638a4eb9a776e280133452668a00e9e40a005c0c57a6fc37d5acd51acee026e55c8247515e51e6177fe5566df5196c1ccb13156e8315cb5a939c7dd7a9ba924ee769f11daca6d4504017d78ae0bcb8f39e302a0bed626bb9b7c8c59aa9fda9c8ebde8a14a508eac97257b925c85dd85a8a2399006e94d662c726901c77e95d090cd858a229d055696d173c554176feb532de7001a9b344b699aba1696936a70452e36bb807dabd92d7e1b69d35aa318c648f4af18b0d4841711b8382ac0e6be84f0feb22e34d89b77f08af371952717a6c6b08c5a30dfe17d81e8a6a16f85968460138aee7fb454756a69d5e15e0c83f3ae0faccfb95ec63d8f3e97e15c206158d509be1715e8ff00a0af531a8a30e181a8e4bd53dc552c5cfb87b189e46ff0da556e0fe953c1f0bae25fe3fd2bd37ed285ba0ad2b4ba40074aa78c9f70f6113c9cfc25bc03e4606a9de7c2bd462899d76f1ed5ef515cc671d2a0d4ef6086c6466c74ad9625dafcc47b257b58f92f53d2e5d3ee5e19970c0e2b3f67cd8ae9bc5b78b77ad5c48061779c560ae370c8fc6bd0a151ce0a4c871b3b107944374a94c476838eb5d3e89a036af3845184fe26fe95dadafc3fd355479a19cf7dcd5c58bcd28619f2cb735850948f2216ec4f4a920b369a408832de82bda62f03e8f11c98138f5e6b461d0f4db5c18e04047fb35e6cf88a97d98b35584975678c2f86aff008b694e79e14d39fc35aa2aee363395f5d95ee5ba3518083f1a0043d541fad72be22ab7d2269f525dcf9fa5d3e588957465239c30c52d9d8c971731c48a72ed8af77b8b0b3b952b2428c0f5cad67daf8634db7d4e3bb48b69539201e2bb30fc434e4ed5236339611f4363c3da5a68da2c16ca30d8cb54f771acd1321ef569dc31ca72a3d2ab487d057b74b114eafbd07739e5171d1a396784d94ed0b7dc272a6940c739e2b5b50b65b88481f78720fbd6282c328e30c2a2b52fb48eaa152eac3f764fb51c13c9cd301f5fd29d8c2f4ebdeb048e9b86d01707802a361b8007b74a7e491cd040c73d6b54899229b28390477e6ab489f85683af04f1f4f4aa8e08349ab90d152453fa554923524f3d3a8ad060727ad40ca3773d7a74a12158cf20827f954592a3ad599a339c8e71e9555b70ce4d348562559f0307ad4a2e3d0f4aa4c0751fca8dcc08c1ce6a93b0ac6a25c1ce07d2a5f38aaf3d4d6424a50f5a71b8eb56981b027c8eb4d33e189cd658b8e0671c54a93296e5aa93b89b34926cf7a904dd39acb33e1be434f338c718ce2985cbfe781d4822a196e474acd96ec018c9ce7ad40d7249ea31da9388f9cbd25c80bd4f5aacd2b4ac3193f4aaa5de5381eb5a36b0e1338fc4d4356126e5a0fb5b1dc4bc9c9fd2b99f164816f5635e8a3a577312ec886476af3df13b13ad4ab8c15e2a69de530ab151818bb80ce69777bd0541a72445bb66bb4e1d8664e2937608a98c2c3f87f4a89d3a803bd2ba018cdea78a693b80a56036d373c55085438278a93391d6a31f4e69f8e68602e7eb4b9c629307f1a50a4839148033cf5a70fa5300a5193d2930179e3fa518c9f4a50a7d4d2157c8a005eb9a4c7269c14f346da02e37eb4d27b7a53b071d38a6b714c623735037522a70339a61889e714d12c880e7383d29a41ff00ebd5e8420c02067d6b42386ddc631cfad50ac6060d0323b574634b824c8c75ef50be88b9cab1140f531a3049e6a564017357c6932a74c1c531eca50385c8a06add4cfdb4559367367ee1a295845912ed7c9a5b972d1678a8646017a734c2f9879e9528d1e85339dc697a7d4d1ce690024f6ab3324071c5276e7a9a663069492791d0522b985e878a404d2679e94bea29924d1b6187a57adf8635a16fa5c5b9b80b8e6bc96089a4914015e8169b6df48e461b6fe55c58b8a9248d695ee6dea9e3548372c6fcd735378baf2472caf815cade4c5eedf0723b52239e466b2a782a76bb2d4db67a368be3295a458a66e6bab4d656440dbbaf6af1cd372f7a9835e836c83c95c9ed5cb88c3c60fdd2e2db3a65d557aefabf6fab28fe2ae4820cf048a99148e375723a68d15cebe7f11c76b09667e95c17897e213cd13c1037b66aaf88bce5b22558d79e60b31dc79cf35d386c2466ef226a546b442cd72d34a59b9c9cf356ac2d25bcb98e185496638155228c34db40ebd2bd43c1be1cfb2c26f6e5712372b9ec2ba31b8a8e128dd6fd08a34dcdea6e689a647a3696171fbc233923bd6adadcace00ce1bd2a9dfdc6e6da0f1596d72d0481918823d2be32519576e52dd9e9c63a1d56ec83f5a8db71a8adae3ed3690cdfdf5e7ea2a5cfbf15c4e3caec343541cf34e2d80314bb7238f4a615e68dca1579e694f38a31814d24d003d64653c1a94ca1c61873ed55ff000a427ad6b4aad4a4ef076265052dc9190f27820f6ef59d7d662406451871cd5ddc47028c823e6eb5ef6173d9c7ddaeae8e59e175bc4e77043956e1854ca4118ff22aeded98954ba01b8566ab1c9523057a835ed53af46b2e6a4c716f6912f0381d694608c11cd349523f1a70185e2b75a9646d1804e79e38aad3280dc0abe464608aaf2202a41ed436499cfc9da0531d33f855978c820e3a7b50532b9039a109a33e48b927b554920ce720e3b56c140460814df215971e955626c73ed1303dc7be6985581cf6ade7b30e80819aab2d860fca2aac43b993fc3c1a6ede48e9ef579ac1c76e2a1368e07434c457da33c67af7a5c72707352f925792a69a6239e01a2c0444b820822937c98c035294383486300120669a44bb958e4907249eb4046620e07d2a65566278eb5720b6c30269dc3944b5b7c7b66b5e084280319f5a8e3880c102ad8ebfe158d466f088f0a5805033dab98f883a28b792db54854ecb8511cbece0707f2aeac1daca7a55cd7ac3fb57c1d7b06d1e608bcd8ffde1cd561fb9962363c4d14960335e93e0af032eb90ef6f947ae2bcea0e2419efcd7d09f0b658d34c5e412726a31b55c2c97539a1152665defc21c44c63979038af23f1168cfa36a72da3904af35f536bbae43a669935c48c30ab9af977c4faabeafac4f76dd1d8e07a0ed58d1aadd5e583ba2b9172ddab1ce3a9e9834795c74352b0279a4ce3835ea5c9e5430714a1460e3afa5380fc29e9f78fb52b858d2d2f489b5293642b96f4c56fb780b55099fb2b7e02b57e1b9886abb6400e7a57d091436ed08f917a7a579f3c4cfda382d2c1ecd5ae7c8ba96913e9b2f973c6c8dd830eb54a3837b81dfb57adfc628e04bdb511a00d82722bcdb4f8435d46a47535bd2c43941b7d052858b56de18bc9e20e903907b814f7f0cde467fd43ffdf26be87f066996a3478c9894e54678ae85b48b171cc0bf95650ad56a2e68dac4ca293d59f291f0fdc83cc4c3db1511d0e71c189bf2afaaff00e11ed34939b74fca98fe17d29c1cdb47ff007cd529d7ec4d9773e5193489d467cb6fcaa8cd672a02594fe35f594de0bd1e40736d1e3e95c5f8afc23a15a5a3b18e346c1e949e2a50f8d1718396ccf9e563c373c53ce14e7152dfa245792ac672a18e08f4aaf9e38e95db19732ba276d0462314c5b9646033c53198e7deabbe739ef5a12cdab7bf20f5ad48ae964c72326b93070463ad5d8249179c9a2c074e0f4c74a76d1df07f0ac6835064c03ce3d6b4a2b949541ce3da84325d89e828a5cffb228a6072aedb87d7a500663c64524836700d355f0369a929bd751be5d26d0073c55a5008cd42ebe945c1a220303a669077fe54f3900d33b645320465ee2a48515e400d378340382083cd007436d15bdb80e48cd4973aaef87cb4381d2b9d6b873c1638a7c7360609ac5d2bbbc8d14fa227641927bd301c0a63c9c52c7cf35a25615cdbd2268e36dcd8c8ae806b2a87683c0ae2a294c6fc1ab6242ca2b9aad0537a9bc24ac7756ba9acf820fe75752e78eb5c1d8dcb473019eb5bdfda2b1a8e4d7154a1caf4345235b50613da303c9af3eb81b27718efd6ba29b56dd1903d2b0da17ba9f214ed27935b61e0e37226d33a2f04f875b54bd17520cc51648cf735e9d3cab043e527dd15cc68bac5ae8da6c36ca00c8f9881d2ba8b7863b98d670c191ba1af96cd675655b9aa2d3a1db462947432e459253f283cd4274f94fccf915d218e351f2814c280f4af39621ad91ba655d2e331593c4dfc32647d08aba1b22991a6c5931ea29aafce2b19be66d8138e0d0dc0c7ad20391499c1c715002f7c0a4e869c0fbd0568b8c69e9c546c46453d8122a3da73d69a18bdbad19c1a4ce3b51c1c934c04aad716cb2e5870fea3ad5ae9cd348f6ad69d495397341d84d2664346f1b6d6538f5f5a7af2064f4abee80f5aa8f6c54964c11dd6bdec266ff66b7de63280c3c9e6a293924638a9030248e8de9e94d231d6bdc8ce338de3aa20afb73c600a615f6e6ac918a8d8649fa552d02c42d1e41f7a68423ef7ad4fb78141c1aab8ac362842918a7bc21ba8e452c647738a9906eebc8aa4ee4b8945e200f41559e35ea473ed5a52a851d462b3269304f6aa124579114670066a94fb07038e6acccc724e4645539fe6c71d6908899bbf15191bb38ef4bb0eeeb53c50ee2062ab416e2dbc1c038f735a3143c7b9a92dadc1400f4c55a2a1547ad4399518912c615719a781db34c2d93c7029ca4e7d6b193668852d918c9c9e2bacb18b36811f0415c1cd737636c6e2e978f954e4d75a8a1136574d18da272d695d9e0b7fa79b5d4eea1c63ca9597f5aebbc23e257d236c45b02ab78dad45af89276038995641f88e6b98698ab70714eb5155636660a4e12ba3d1bc6be2afed0d0de1493e724700d793bb1639ab17574f20dace48f5f4aa5b8eea8c3e1951564693a9cda8e279e299804d31a5c7634df379aeab332722624632685600e734dc8239fc699b8282334586d9d7f84350fb1ea31b138e6be82b0d5d65b38db7755af96ec6e4c33a38fe139af49d3fc5de458ae5b9039c9af2319879397344da9495accd2f8a911bb823b853cc248e3d2bceb441e66a118ea49ad7f1178a8ea30b44a090462b9cd32efec976b21ec6b5a14a71a4d34454945cb43e9af0d4ff0067d323527b0adbfed018eb5e39a5f8e224b5442fc81eb5bb6be2a4bafb8c49af35fb583b2d0db96123d217505f5a77dbd7d6b824d6dc0e41a49bc43e5a12738a157acba87b281d1788bc530e936124ace0601c57cf3e26f18df6b33b9699c216e141e2b4bc73e277bf75b6473b33cd70258b1cd7a184c3ba8fda55d4c2a4947dd88e277b7279351ca190e3b5380c1ce4e6a59c6f881c76af5958c0a2cc7b0fc6a239c9a988c71d299b7233544891e09fa55e4e100e2a981b4f4ab0b20c8a0076e1bb9fd2a6477420a9aadbb9cfeb532c995db914868b62f980fbc68aa9c7a8a290f511a32fcd57da771c75aba0fca734b61109273919c1a132da205dcaa010453563691f009cd6cdec091c39c62ab6950f9931ef834ae84e2ef6201a6c8cbd0d5596d9e124915d798c2f000acdd5221e5671494ca942c8e6f241ce6834a4609c76a6b74eb5a19071db34b9e3834ccf6a1739a2c21d9249e6a4590f7e29aa848cf34e4899d80507349944d1b0cf26ad2b6d5cf7a22b2503f78fcf4abb1a5b00013f8d4b45c6562b40cde686abea92ccdc03f953e258947ca2ae24e8b9da3af5c54ca098f9864361c6e73d2ae2a2443e55155dae4633c734c33fcbc1eb4b941c8b1249b81c6735bde17d7dacee459dc31685feeb1fe135cb194f0475ef49bc641ce0d72e33090c4537091a52abc92b9ecfe62b6369c83d08ef4a3b7183deb8cf0a78847cb6578fd3ee39fe55dc855fbc0e41e47bd7c1e2f0d3c354709a3d48cd495d0d2a044e4fa7f5aa8833271d33575c7eedfd6a18a2239c57345e8ca43d4738a638e78353e02d40e79a49dd89006a943020542302941a6d143c8c9a42b8a334eed486445720d308c1e2a6229b8fff005d52604609c734bd69194f6a6e4d301cc01eb51328038cd4c391cd35b934d302ac902b8c91823a1aa8e1a3237f4f5ad2da093513a061822bb70d8ca941fbaf4ec4b8265024119e3ebd7f1a6e0707ad4b25b98b98fee8eab512b6706be9f0b8ba75d5e3b9834d0d3f4cd30f03d71c8c54b935131c1cd768814823a7356a36e32335419ba9ed4f4b80bc1a360b5c92e5c60e4d61dc4a5a4f949c7f3ab975367233d7b5510096e6aae16b11b648391f8d42e33c0ab2c38f6a66dedeb4f421a2158c93cd695b5af4cd25bdaee2091d3a56bc306c4e474a4de838c462c41179039a8e403838e6ac49e99aad27359dcb2b9cf4153431195f6af5351468d248022e79ae8f4eb210a862393fa56b4e9736accaa5451d89f4eb216f103deaf83938f4a8d9b9c76a553ebd6ba7a1c8f5380f8956e56e2cae80f9591909f7ce4579acb2957af63f1fd9b5cf869e5519681c3fe1d0d78dcd8c9cf07d29ad8868858b393dea22482013835ada5c0934a370a358b28e0f992a39d2761f2cb96e62b12de98f5a61047d29dd7b51b48e7191d856a65b8a8694b738c74a8f9068c9c9e28b05c9d5c839c55a13b94c16355e003827a54a48ed42482e2b3123ad40cccbd3a54e30698ebc63b5558571f14ce1383815d4786b55f2a60aed915c823039038a9ed6e1a199194f4ac6b52538d8a8cb959edd1ddc72286520e476accd6afd20b476c8e056168faa79d0ecc8c819eb50f88e7692c5c03c915e37b16a763b79af1ba384beb96b8b991ffbc78aac8d834920cb53436d22bdc84528d8e16eeee584277735742830f1cd67a125b35a1822114c1333671b5f151a9c0e9c54b700eee7ad47d16993d4696dc6a443c545c7af34bf7477a0649238c5343f39151e726a48c0340c93cc1e9451b45140ae6a4b1048c67a9e2934e1b65dd4eb970c40145a261b38ac91d2d126ad36500ce075a974740b164f7ef543516dd228ce6b574f8f6c0a7da9ec8cd3f78be4e7b8aa37e9be33c8ab801279e47bd41731878d97f4a4b73493ba39375c39c7ad3446efc05cd6d2d8c6ae5dce6a748e30c02264e6b5ba39ec62c7a74ac79e2ae45a6a823775ad3585db8c6067b5482344ce7f4a2e248a496888db42f18a923b28d5c9e054cce73d862985cf5c8f4a0629b68c9f9989aab2db15c94a955ce734e2fdf3408a01e685f2726a78eef3d4e0d4acaae08201aaf25b827294580b8b206524b7d29fbbe6e7d315920c916454f1dcf4f5ef40d32e17f43f8d26e241c7e150860e783cfa529e73e98a408b91cec8c0a939f4aef3c2fe2ecaa59deb8cf45735e701f1d0f24d3c4c430231d2b831d81a78a872cb73a28d6f66cf7a1768e990410476a8daed36f1fad799685e2c7b54fb3dcb6e4e307d2bb1b6ba4ba883c6e181af89c4e5b3c3cad35a1ea42519aba358dc17340624d558fae7f9d4e8d81c1ae5714b62c9bb76a5cd461b8eb8a7839e6a6c03c1cd3ea204fad3831f5a96818fc62908a334678c7ad201847d29acbc5498e6908a698c8ba11cd2f7c0a763238a41c76a60215e7d2a365a989cf6a6900534c084af19e0d539ad0e4b47d6aff5e83e9487af4ada9d59d397345ea0d5cc60c41c107777069af92738ad3b8b5598671861d0d6732b249e5c830474f7afa8c0e651aeb967a48c25168ad21278c73d6ab962b9cfeb575d33c540d177e48cd7aad10994d93249a0af4ec7daad188e0fd29a5075c52132995e3d69d0c25d877a97cacb639c55db6831d453e82b0f862d80726ad6ef946738a4c631fae7b50dc039fc295ae5a22931daa0489e66dab9e7daae436c6e1c9c100d6c5b5a2c3ce066b7852eacc2a55b688afa7e9c2001d80cd5d276a90314f760ab81deab9e7bf15bec8e56eeeec901f9baf38a914e081510e95226722a406dedba5ee9f716ce32258d979f715e0f269ecf70e0fde0c5587b8e2bdf948231ef5e37ab28b5f12ea318fbbe71603d8f342bd9d84caf65682d97771d326b2b579fcd97603c0ad1b8bac45ec6b02763248777ad61083e6bc8d1c972d91588038a5c76f6a795fc73d2908c1c574995888ae0fae69075a95978a681da821a1f1038e29dd7af156ed23429cfa66aacbfbb9481d29c65ad81c433eb4d67e39fce992480818a66e245532401c3669e870df4a62919c53a300b807819a5d00e9743721c1ec3a56c5e62588822b274fd8910607ad5a9ae06c2335e755579dd1d70d23a9c96a3108ae99474354ce31d7bd5abf6125d31aa9b70715df4f63925b93c67073c1ab26e46d00d500c41e69c3e6ebd2a811233091f27d695d46da4098141f4a0083001a31ef4ad8e69a7834c009c501b029a7afb51d39340126e3eb453334521179a7279cd5eb09c3360f045528100539ef4a018a4dc38a9b1b2bee5abb88c9361056bdbba4102873ce2b1fed7b48000248a72c77376f8e547bd1cb71376774694fa9a2676d56f3ee2e1b0a3e526a5874c48c8329dc6ae2aaa0e14014ec912e4d9561b463f7d8d5954551c0fc4d0cfb067239f5aad24edd6842d899e651cf7154de5ce41351c926579fcea12e7231d714ec227128c53b8201cd5653938353a9db8efed4c18a41539514a1b8e7ad0c49231cd47c827340123e00e335116c601381da82fc734990474e6801aea1f249155644d872a79ab7fe38a1973c7a50054598ab608fc6aca5c648c9f6aab2479271c7b526d2a33cf14ac05fdc3a8e94124af02a92ca41c1a99650cc3923e9401601e739c56de8daf4da74b8c931f7535cfefe7e94f593e5eb5cf5e842b47966b435a755c1dd1ec1a6ea905f421a36191d573c8abdbf35e4161a8cf6320789c8c9e95dee87e238af5024c42cbfa1af91c76553a0f9a3ac4f529578d4f53a756352039eb559650dca9cd4a181c578cd1b93e69473c0a8d5b9a786eb50d0c76ea50ded4cf5a729a5601fef49c9a4ce69e38e71d69084c5348cf3d49a93b7239a6f419a431b8c76a6134f63c62a2cf154805181c669bde83d3349b803f4aa189ce7af1504f02cca411daa763dc1e94ccf35716d3ba135732482ae6373cf63eb48540ad496d56752bd0f63e95932f990315951b838c8e95f51976651a8b92a3d4e69c1a7740c31d7f1a85b1918a7b3657b7d6998c7420d7b0da33b5c745192d9f7aba8a15703d2a2853039e4fa0ab696f7129da91b73dfd2849c9e81751dc89df0781cfb54b05abccc19b815a76ba2bf0ce464f7ad58b4b207618ae88534b56613ad7d119f0c0a8830314e73c1c7715a274f3d038cfb9a85b4e93b32e7d2b530b99ec734d1c9e7a55c7b0997a283f435135bcab8dd1b003da93023047381c53c13c63a53369f4e9ed4f556e9b4fe54810edd819f4af1ef10b6ff15dd9f5603f4af6092199a17d8bf36d38ae313c0b717b76f737726d776ce157fc6aa316c526706b12c8e6371919aa971a4b83ba36c8f4af55ff00857f6e71fbd9037a8351b78032c3170e07a902af957722efb1e3ef0b46c54820fb8a6ec241c0af6c5f875632a817123bfd4e3f955983e1c688841688b63fbce4d2e58771de5d8f093136318fc291a071dbb57d0cbe07d0907cb67167dc66a293c11a1c808fb145f82e29da1dc4d48f0088b221f5aa72b96909fd6bd6fc51f0dc2c2f71a483b80c9889ebf4af29b9b6782668e452b229c153d8d2e54b542772ae70680413ef4e3d29a46050200769a54249033c9a6e3eb4e8c80f9343035a1bb36f08dc6a193537638ec6a0b89018001eb548fd6b3504f56539343e490bc9b88a696f9bad213456891229e78ef4b19e69a78a6938e945845adc31efeb513c833d6a3dc7bd37f9d2480767239a3d6928c73ed54000fa9a0826900c134ec71cd2189cd14991ebfa51408d8821761f7093e956e3d35e5232702afa18f9e050f77b7e55ea2a4d79b419169d05b9cbf24548d3ae76c4b83551a6691b9352c6a482783b7d2990d930724f34d925ebcf5fe551eee7008fad43231c91edda9d8132467c9c7f2a89cfaf414aadf2e698fcd022bb9a60624f514adc6738a66476f4a009579c1c8eb5606074c631559323a1ab01898c0e320d0c18e57c11f4a8a5383c67029e3a0f5a8e5e4608e2815c84bf6a7a9ec0d40473ef5347cf27ad0087fe34f0b9eb4d1d307ad3b9c0c63eb40c8254e7ad38c7b939fcea69172bd3914f45f94ff9cd01628bc78278a87e656381815a4e80f2475a81e2c9e7190280d4aeb29e4300334f0d9c00714d78ce3b66a304af3de9016c4b8e33d3d6a786e1a370c84823d2a806f519269eb27619cd44a29e8ca4da7a1da691e2992dc849c974e9cd76b63a8c5771078a4078af1c8e5c1e715a7a76ad3d94a1e373d7903bd7878dc9e153dea5a33be962eda4cf60493bd4a1c11906b93d23c4b0dda8494847f73c57429386190783e95f2d5b0f3a52e59ab1de9a7aa2eeec914ecfa138aacb27bd489271c9eb5cee23275e4d4a0f626a012739a76f150d01293da9a4d30c94c67f4e942888577c63bd44c78e3d68638e9834d00e4715695863b3c7b521fbb4efe74d233dfbd301073c538023d280bde9e3e9436305620d48c91c8a415073c1c8a4099351ca7cbe0139a9dde8262c3a35a60b15502a46d3ac00c6d5cfae2a999e41c64e055796e383827935a2555bf898946e6ac3656909cabe3f1aba92c518f9588f4e6b9a13b7243521b961df06b78cf111da6c1d24f73aa17bd7f7a7f13486e8b71e613f8d72c6ed87f11a4fb6be3863c568abe2ff00e7e327d8c7b1d41b893185945426e6ef27e61f975ae77edf28c7cdcd386a730ef9ad238cc6c76987b083e86d497b7793c67e9da9aba9dca70739acc5d55c1e7152aea88df79055accf1b1ea4bc3c3b1a69ab483fd6421bdeadc5aadab1c32953f4ac517f09e3007e14ab736efdc56b0ceb171dd5c978581d1add5bc83e4957f1e2a4f2cbe0ab023d8d735ba32386a951d97ee4878f7aeda5c4297f12262f09d99d0185bd28f28e2b1d2fee9071213ed5623d625e37c6188fc2bd0a79d6167bbb194b0d3468794734b8615553598c11be365fc6ac26a36b2ffcb400fb8aeea78ba153e192329539add0ee41ef4873f87a54c0c527dd653f434d30fa56f74f6235442c0107239ae03c77e084d5616bfb1402e907cca3f8c7f8d7a1346c39c66a3c71d38aa57426aeb53e589e0682464742acbc104720fa541b6bdcbc6be008b57df7da7858eec0cbaf67ff00ebd78cdf69f71653bc3711347229c1461835a5afaa316ac5138e99a6720d3f6f269a78e2908524918a6e3d6969b9c75ef400bb7d28c76c5264e4f53477cd3010f5a0f3f5a09e714038a003b5201cf5e297a5394751400dc0cf146df7a90a30151f39c52013a5381e29a7dc51db8a60267da8a5fc28a00fffd9, 'image/jpeg', 'jb.JPG', 20);
INSERT INTO `images` (`id`, `data`, `mime`, `name`, `avatar_user_id`) VALUES
(25, 0xffd8ffe000104a46494600010100000100010000ffdb008400090607141312141412141614151717171a1818181417171d171d171818171818141c181c28201c1c251c1c1721312125292b2e2e2e171f3338332c37282d2e2c010a0a0a0e0d0e1b10101b342420262f2d2c2c2c2c2c2c2c2c2f342c2c2c2c34342c2c2c2c2c2c2c2c2c2c2c2c2c2c2c2c2c2c2c2c2c2c2c2c2c2c2c2c2c2c2c2cffc000110800f900cb03012200021101031101ffc4001c0000020300030100000000000000000000050602030400010708ffc40042100001030105050505060503030500000001000203110405122131064151617113228191a13242b1c1f00714235272d1336282b2e192a2f13443d2357374b3c2ffc4001a010002030101000000000000000000000001020003040506ffc4002a110002020103030305000301000000000000010211031221310441511322610532718191a1b1f042ffda000c03010002110311003f00052055b82d4f6aadcc580db4655c2168ecd7458a10cf8574e0b5766aa7b14219e8b8e0acc2bb2d5094662d50216a2d56d9aee7c998197e6390f328d9281f8145cd47e3bb616fb6f2f3c1b90f3399f20a7f7b6b0d226359ce99f99cd0d43a8302c5764aecdb13cf3c240f33929c9704e33c14feb67fe488bef07b8e64ad42a5a494350da10af6bbba468ef30d38ea3c6887b989a5eef340ad70d1dd53290928d034c6baecd6a2c510d4f62519dad56b1aa642935aa590e02a545db5abb212d868e056b14405606a964240a954a886a951000ccf8940c6b7962acc6907a31e05131ad8635131a84a31b9aab7356c73154e6221326056d9ec6e90e160a9f41cc9dc16dbbac0657e1ad052a4f00895aa40c1d9c628d1e6e3c5c77a16151b07b6c71c7ed7e2bffda3c3def1555b2673b53970dc3900acc26ba15316671f752b2c4a81780eaa0e6e68e4576976ab64174b41ae9cca8104ddf7693990b45b8863683c56cb5db1ac04352d5b2d25c6aa00cd24b9ac168754ad2e58ed26841fad53a2b91590a21ab4b98b8d8d1b14ccf6ae35ab4162edb129602a11a9f66af0c52a2961290c5de156e152c0a128831abb2d56862e16204a1c8b143b35a9cc5d06250991d1a898d6e10ae762a101a6350744b6da5cc8f37b837a9d7a0d4a1768bea21ec873bc9a3f7f444215bb3bad79e346fc495647082734ba6ff34a358d02b5cea7e61566ff0094685bfe81f3507437c70b372d6c81bbd228da4947e53fd23e4ad6ed7bebde634f4247cca144d48759256b464825e97aee1a21126d2c6ff683987cc7a7ecb3be70ef65c1dd0fcb5503677689eab0bdca723f72aab5500552959a70b4c8b1da45132119a18321d14805d59b3685788d40515e0520c5661536b14215605c0c578629b6342c2670d530d578894c46a5928ce235c312d6c62ecc481071923556144df0a01b457d4766143de908eeb3e6ee03e2810d36bb53226e291c1a37713d06f4ab78ed3bdd5110ecc71d5c7e43eb34bd6ebc1f2bcbdeea93e9c8700a8ed93244b35be624d5c493bc935f55033ac4fb42a9f3a651059bcda28ba36941e4b62cd25b4a7506c57241d75a14249d2fbade556fb7129bd262fab10dcb6a59df6ca6850775a09559794eb088f32ec1f8eff91bbc3870767ebaad506d333df611cda6a3d52ad5749bd188bebb1e22bda17e8f00f07777e39295a336d466388cc7a24556c33b9b9b5c5bd0d123c1e18debdf287aba8d6a3c510c0926c1b472c6730d7f5143e613058f6a617fb61d19e798f30aa962922c8e48bee170c573235d59e463c558e6b872355ae28d545a54d8958d8968646ac11a04a3208d77d9ad05aa4d62964a286b170b5696b145d0e6a592866da5bddb6580c87371c98dfcc7f61a95e316eb739ef2f7bb139c6a4a35f68f7df6b6a7b01ee45dc1d47b47cf2f009265b52bf1e36d595ce541136be256775b90c748a1557ac48a1e508496d543ed6772cab89941211e464dd212a355d2b61b3b9decb494db2137654b89c6e2fb3e9e7a1739b1b4f1ab8d38d07ee9dee9fb21b39a192591fd30b47c0954cba9c69d5d9aa3d1e56b5354be4f175c5f45b3ecceee6b682ce5c699b8c8f3ff00ea9e8a893ecf2c19d6cedf07bfff002492eae2bb0f1e85cbff0048f9ed717b1de3f66b6527b98e3e8ea8f5052b5e1f674f15eca40ea6e23f6423d6627f034be9b9d2b4aff022ae2276fb867889c4c269bdb9843485a6328cb74cc53c7283a92a3a5c5c5c4c2138a5734d5a4b4f1048f822f64da8b4c7ff007310e0e01dfe5055c41c53e50ca4d70c71b3edebc7b70b4f30e23e355ae3dbe67bd0bbc1c0a435c55bc30f03fad33da2cd3364635edf65c0387439ad2c6a05b0ee2eb2455ce9887938a640c5865b368dd1dd2641814c85631aba2d48d8c78ded04a7ef1383af6b257fd4509253b7da9dc2e82d26768fc298d6bc1fef03d75f3490ba589a714d1cfcb6a4d1c5c5c5c56151c5db5b5d17022160bb6494131309c3a9083696ec68c5c9d233d96cae71c857d3d536dcb773439ad3ed64790ae79f1285d8acf266da169d2a06fe65da262bb1e1985a2a4ef34f1cbaacd9a7b1b3a7c693dcf4bb8da286899aef340e0343a5472fdd03b9a12c89a0ea684f95288a58dd8482773865cb72e641d48eb65571a09cddd1426bf5bd5026681bbaa0b79ded339dd946d07f338d2a2bc905b6ecb62fc474cf693a869a57e3556b9efb14c70badc3b79dae203500f54204e1c406e75ae796541ad42136b8e28a82a4d35c46a4f557dd203a4698a99e59ee0b34b77674312d2a8aadd135a0939b882065bc54a45bfeea6483b8cef93573e94a6f3d77a73da37865a034ef19753913e495afb7cb5c30e74dc39ab30da95a655d438ca34d59e7b3c58490aa452f6b3b9a7f11a58f3cb2285aedc256acf35962a32a4717171713159c5c5c47364ae73689c547e1b28e7f3e0df1f8552ca4a2ad8d18b93a47a2eca597b2b344d22870d4f57778fc51a0a98d8af605cb6edd9d34a9513605273176c0ada252052f7bb23b444e8a56e263866387023811c57856d7ec74d6271342f849eec8069c9fc0fa15f40d1553d9839a4380208a104541eaaec795c1ec573c6a6b73e5d5c5eb1b57f662d755f63218ed4c64f74fe83bba69d1798de177cb03cb266398e1b9c29e5c4745ba19633e0c53c52872655ecfb157316d9a06b5ef8f135b23f086d647486ad07103906615e30be80d88b68758609681d48e87ac4ceca9e62be2b375d7a578b37fd2eb5cbcd6c08bfee86991cdc21a6b91030834fcdbabd3542ee6bbf0c8da8a9a8d74d51b36d9a773c868c0dde47bcec867e6b963a991ce19b5a4341e272c47cfe6b02c8f49d49e18fa8875b31ab47d68bb049272d0655d0f22b04369c25a3aef4523ef6f55c770ce3a5d83a76ca4931b062e2e7643a5333d325945c5112e75b659a7afb219f84c60e71b4e66bbc928e4b6434a83fb143a60e23503fa4264de3ec0a595559e4f6ed98315a488496b4e4d25c7bd41ababa62d75c8e99277d83b149082e9699d28dd481cf766884375891f57d5c2ba7fc22cf870fc8705279653dd8638a18fda8f36fb4e908b544fcdb19ad4819e4469ce8bb82d6e2d73ecd629a58dbabda2b5eaef3c8260dbabb3b581d9e628e075cc7d1422e8bdc7dd7eef2626654a0a96bc7419755642517156b81271927ed625defb4adb546e6961146922b43423314294937ed058a3fc47c20005a71014a659d72de9440ae8ba7834e9f6f0713abd5a96ae4e9716fb2dcd3c9ecc4fea4507994cb74ec412419ddfd2df9bbf64f2cb08f2ca638a52e10b772dcf25a5f863197bce3a3473fd97ac5cb7432cf188d83993bdc7792aebbec6c89a191b435a370f89e288302c397339fe0db8f1287e48b58a6d6ab70a906aa4b0ed814e8ba6ae55008c4d6a916aee8ba298050f6e687de974c5686e09a36bdbcc69d0ea1157055d1109e5f7ff00d95c785cfb348e6d01381dde196e0751e35443ec76d55b2cb0bb3314aeeeefc323687d415e8544bd60b8196697b48e8c0e6e1969ef66309a69519e7cd34f23941c5870c147226b609582c6228dd111dd7bf1b5d4e2309079e43c9098aee188b4b8d2830f014dfcf7a67746286848d4919d38970dc3c10064f5751629371a3ab8ea6db2bb5c7ecd37648a5dd3569559260bbb3ba868aa4ea565f28ea850dce919d9f349f7fdf7140d25e73e1c7a052bfaf916784bde7a0e3d12becb5c6fb6c9f7ab565157b8c3ef733cbe3d16b94bd4fc1831c162b6c33715aa493f1240598b3630e596e2e3bc9e011f7768e70ab0d74e2a7785998e6e176ed29911d0835092b68edd3d9417452b9ed1ab24a1ff004b9a01af50557a37a2ed7a958d97dd932c2ec342d20d39af2b82d86cf6a746f35c0ec88ded3c3c0aeef4da8b5bdc008cb28353cf7a4bb5db2432f7ce62a0f992b562c2e5666cb9e30d28f4bdad8818dae6d1cd752ba79155d8acac68eeb1ade8d03e095aecbc1cf31c64920bda29e213d08688538ec5395ea9595358b5471a8b5ab4b1a94acee362b405d357755085f1956059daf5730a802cc2bb2d5db548a01184b545c15aab794e2902ab729d141ca04e34aae7803da5a6b4208c8fc15c025fdb69dedb24a22243c3711a6b841ef798afaa0c7841c9d204de76db488246c2f121655a06f22b43435ccf2e4adb1498480ed435a0f5a50ac3b1ed0eb3bf01c4038d7a901c69cb35a66716bebe6b24f9a3ad0d906d9255771b7342e19d116c8295551776d85adb880cbd8e23ddc74c3c9a0924f5228a4369e785ecb3b6cd82b4c2f91e18c3912309d29419668b5f30091b19fe76f80afed54c1f766b981ae150064355a61254ad598f245a7b3aff00204fbe5b5ed638450481f176a30cbeee5973398e496efabf9ec7619ecae69a075298a80d33ab6a0260bc6e1b3b410230d06a2a061c8ea011a78254b45c96669385f688f2c394c48a70ceb96432e48a78dbdec9a72a5b557f00d6dda781dee16bb41c0256bd6712480b780d3a94c1785c767072964937e134f52372a2edd9d79c568385b131d5ad75a1f65a16dc72c70568e7e58e4c92a925fa39b2367c7688f836ae3fd232f5217a29096762acc5ef9a7a50138465fd4ea7fb53516aaf23b60656ad695590ac6aac058c72990a1185700a10ac95744e51c0ac635421746558556c0a7f5a284186aba2d538c2e191ba626f984c85205aa042d19104e26e5fcc1647da9803dc5d93054fc916868a6dd228bcedad8232f76e06838d025596de4f6e5fa9110239161240e5571586f9b73ad11da24fcb46b4701424fcbc9517f3b04b38dc446e1d2842a64eceb74f8163e7921f658708b4c6774ae23a0a37e43cd36da6c21d9ef499b0ef2db591b9c263fef610bd025a24ea3eeb2bc1b46be5ff00b15ed358f319d3d55b65b5b5e280faadb6e8816b87d724a169063764a88ad468949c476b034380077145a3ab7a02906c17c1ad6b98fac936ddb7cb1ed1de15e1f24eb6e4ae4f5706abd62738572297ed3641bc02996d96f63994040f9258bc2f2602ee5bd46b7d830fb7dca857be2cb8493869e439ee42adb6bc1656c0d3573de5c475ce8b7ded7e31e08e15af4496fb7b8ca0b78e43a2df8b1b9239d93228cbf27aedc565647678db190e14cdc37b8fb5eb5f25a9ed4a7f677783704913e402432b9cd8cd4100d34af3a9a04e98124a352a284ef731b9aac646ad2c5631894256c8d5985480530d50874c629615680b8028422c6aecb576a442040cbedadd28d3c7259ed37935a320daf459226e2767953e4835eee717506a4a9a99669364f7930eb130f3a9cfc9699633d93e300341617507e602bf0cbc163bbac41a017e79ff0085aa7b486cd84e8e34f3c947234f4d0b6d887b1b6b124b6981def3439a3f4121de8e1e4b65ef67c71b717b518ec9ff00a5d931de801e8504b3d89f05e808a8c2fa1e61ddd23c8a76bcec59b881ad41e041d4143256cd1b71dbb4fcec276c9dab0cd19764e648e8ddfd4da03e268bd300aaf38b45d6ec4658c1c4001237790d35648de2e6faf927aba2dc2485aedf4a10788d52e7a92524518e3284a517e6d1a24684b17fd9b334099dee0560bca3c4d34152b2ae4d15684071a1e6ba9af1a0ab1d85dc7507aabaf1b92671386a12e5e3633166e79aadb08a977304db89b6d7b4f330f7b0b86e209cfe684dab689ef0770425cd748ea3439e780049f45b0dc338157b300fe6735be84d56e8e1c50e6ace7bea33cdd42dafe995d339d96743a9e2aa7bb0b8169d294f0527b1d9ee54c6c2e200deb445232e472b4bb8e3b29761b717999c5b41dc701de0ee20f01c112d99dae92390d9ad6716171687e64820d33e239eab7fd9ec348c9dd5a0493b611ba2b74a41a1c41c0f500d7ceab1c2b24e51fe1d1eab1fa58a13efdfe4f666bc1a104107783556872f38ba2f7959476a0807ad78a70bb6fd8a5a02435dc0fcaab3b8b4576170558a920ab42518b095c0542ab94448580a9e2506b54a8810d963ccbf721b698313a8dcc9472cf06069e24d3c55335216ba53ed1c99cbf991d25960d790c96286b571736be1991e033f25876b2320631a8286dcd6dc76cc66a431aea67bdc282bd6a4f8265bc2ce266383b2a834a7141ee8d7d35adc12616da58cb43298c503ba8caa8dda20ae4780af904a1b22f9232f0d189a09aeff00445ef0b5bdcc77667bc77a1b1aaa446db6170a3e3f6870de3811bc2859271991dc77bc29978a5d11daa235a976fc8ab45fc32ed5a411ef0c88fdd2356597e4676cdbf5e142085a3b56d33d776452a3eda0f7986397c703bc78a88be834d1d669ebc8621e041a25f4c0dc4dbb51784a185b044e909df901e352916cdb3934cfc76a0ffd208cfa9d004cd796d43a369a432379968007aa4bb7ed4cd2121b5f0ff0b4e184ebdbfd31750f0a7736dfc0e3f7ab3d923a31ad6bb83695f12922f9bdfb47124a0f6bb4bc9ef3bc02a238cb8d1a092b563e9947dd2660cff516fd98e35ff782e69748e6b182a5c40038926817a3b3ecd5818da4aeed680bb21841df4dfc52f6c8593b0904f2e10002054570939e23c29cb712bd6acd6aa466476648cb4d4eefae0abcf99dd4382ee87a78ca2e7915cbc78136f0b0985cd319a160032a8ad3970481b537a0b44d88002830d41f6a849af219a6ddbfbebb31d930f7dc33fe41f2274e95e4bcf5ac26800a93a27e971d2d6ca7ea59edfa51fd8c7744ceec9b85f422a28694c8f346ac7203ed34578b4e13f0a21175d9031943aea514b343b9a6bca9e6a8c8d6a740c69a8ab192c578ba3003497b783be1aeefe5af4476c37935e4d4100100b8779a09d2a69978a4392db85d86304b8eed2b4e208c8735b65bb66b40fc4b41612002d8db9538124d5dd51863721652513d13b3520c491b21689ecd30b34cf32c3257b279af75c33c0780201f11cd3c9096717174c3196a5644ae94d91d4ab700483063b3a1a1ce99929276def6abbb2693888d06edc07d7cd35def6e6c10c92bb77fb9db80fadcbcbee289d34ae9a43889713e3a65c80a01fe133e06186e0b186115d4e67fc7d6e4d313107bb612e92a34d4f2fac91396dac6ba86be9fba58f966dc7bc1242bddc7b0b73d8720fcc7ec895eb677447b660c40fb4c1f16fecb06d26174ad7b4e63950a3b774fdac6014bcec69dd7bbfa01b6c2e963ed2cce04ef1f24af25aeae2db44784f102899af8b13e079961cb7b9bb9dcfaaea0be21959595a01e63e03f64a5d7dc52b5ddb1118a32e0793820ce82d04d23c67d3d535ded7942d158e21fa9c29e4dd7e09726bcdee6d5c49ae41ad141d2835f1aab21a8ab269313eef02a6d12d48f7186a7fa8ee587b67ceeeca06863780c801c5c7ebc5556f9eb91706d68001babbdd4d3e29b2eeb0361840610e2732ed715778e5c16fc70ef238bd466f76986de5f7132d9776094460d79d37ea68132d8ec2d6460346124675d4e5bcf15cb2d941b58affdb6173ba9ca87ccf92d968efbc30d2835cbc6aa9ea66dbd255d3e3493903afd90c5060e2299eb5767f0a8f04604b3470c4c89c09631a30bea4642840a1042097b9325a618f538b11e833d778a0298991e2ca999cf7fd6f554b68a5fb2fc727adb4fe0f3fb759a6321748c76273b85454ee07445eefbb3b3ef3855c77e741c8266b4f77ba00c47968b3c51388a97569e0075a269e7949570570c118c9cb93342c2e2001ae8bbb5ca22ee8a39ce20507bc7867ee8e3e288c2032232b9c37915dcdd3a8ae7e1d50e823ef19a400170c87e56ee6f5de7c10c58f5cb7e06c93d2b6345dd66c1573882e3a9e9b87f2844196ace835e016089fefc87036990de787455c97b1f6606e11c77f995b92a32d8c3293bc6943a8ad6b51eb44dd77da44ac0e1e2381debcb19dad6af7127fe532ec6df43b67c2ede2a3aaa7342d58f096f43d302b70aaa3578588bc5afb51792226349ee1ab8732280fd71592e0b3519568c8814e428acb4cad95d2be5706d43b0fca83c915b9ac9d9d9db5d6a46f1a9ae5cb5f34cf71d16ddcec32815f69a6b4d2ba8f1c968b6c2c27bc16133012369951d52b0ed95fb159f2738e222a1ad399fd8732872a8d7d3be4d16abae171cdeec86401ff0815e3b6965b1f7237999e37348207ea78cbcaa579adfbb533da096e2c11fe46939feb3abbe1c9015ab1f4bde463cff0053a7a71afdb3d0af1dbc9e739b806fe5665eba93e3e0aa8a42eef77a996f1f002a523c3677bbd96977404ebd131ddbb3969a77a4308a5681c49f20683cd34ba55d9831fd4a5c38ff000d36c906ae07abcd0720d1920d785ef51859a6f3a7900b6da76664ef39d3021a0925d8ab41e6acb8ee4fc20e23f126348ea2b81bbdf4e3c3a734f0c0a3c95e6eb724f68aa035d375be77655a684d2b527468e657a336ec7410b63c142d61c38aa0b89e3e2acbb2c8c6bdad69c0c8c068a0ad5c46675e1bf9adb6f9cb80068e23ba0d33c234a93aaab3666a5b76170e14a3bf7152e4b3b981e5e6923ce27720064de7415f357d8e1c05d21cc9d376a73a7857c91b6d8da1953dd24eb5f4038d10abd246471934a37518dc01752b40d14cf7e9af2595c9ca5f93428a8aa015ca0cb6c95ff94168f1eefc0393bd8e3035cab9f80cbe09676060a36495c3379f4ff9af9a657495c543be9d027ccfdd5e36130fdb7e773144cc723881d0955d96074f38b347a0ce57014a0fcbd4fd68b7db66659607cba6a1a0ef3a6e5b2e067dcaee323f3b55ac975299b011979348e85e78298b1eadc339d6c07bf8b4bb001dd61cc0d2a370e8b076401abc0a8f65a7ddfdcad0222dcce6e39aa646015748ef0aadd08282a465949c9db2986c9da9abb45aa6745037bd441ed77ebbd8b3b093c69a704324ba2794e299e07535f41927a2b72f0596cbff0013bb837ef467652a676cb420768d6e7bf319059ae0d98639d89ee240dda57aa60eeb26b3c4c01ad12332d28014b3aa6182776cf478c2bc0508d8aec2573a8d879fdcf61c6fabb5737d9d7bb5aebe29ee0ab9a3136995052b97441765a014738e45adc00f4dc7c82346ad6ebcf954f0447058b1b7193522991ff2bcf768ee736abc6d2d6499358d712e15a120343070192f500e6e55a114ae6121ec88ed1d6b9cff00dd9dc07e96775bf12aee9e1722bcb91c56c79c58b67a692d060c342d751eed5ada6f27e1c53dd9765ecd67682e6091da973e87c86813a4962c31364de4e7d0e9f5cd2e5f6ef61a357b805b998e305128b3c2da8c9ac1af01534009a7868b45ba38db4ece53255c1ae3d9b981a48a8a62d41e39745dcd671848e2ef868a96c4f7b5a5f85ad043835aca173a840321c46b41b80198508eef6075ed017b1b10c8ccf0daf068cde7fd20f9adafa33d903201918d3905776003dd21d18cc0daf3a179f460f354d870be4c4e150dd05695277f87cd57925a6365908db0cd9e12c8f034b5d9778d06a6b5cebc542cb05741528b4366635990cce6075ddafd66a18bb26d43417d0f41cd731fc9b97c0b1b513084341a34970aba95c01d51bf2ccd35c8250bbaecfbc48e92773e4a3b08c4ed69b8f2e9409d2fcecbb27bed240652878bb2f65bfcc72e9aa56d86b617874419934d43b91ad1a78ab616a0e48a67a5cd4643359a011454a61ae4069d16d8ac78cc71b722e39f4cbd3555db7bee647bea377a1e8b45be5eca2b4ca0d0b1a183abce74af2055556cb7814b6a27168b6c5666ff0008169753f2b46271f204a3d6c9ccaf2f768000d1c00c8049db22d74934d3bb70c3e79fa01ea9a092ed326ef3fb2e9421a518b56ab643793abb821f6b84126b9a2c70c6d396b5f143d98732ed73f556019559eca06796f5dc8cad00d55e1c376e5beecb16788d29b8f8204a2f8231145534c9a976cf217da1af15f687f700b46d2def57085872de792ab66a1accd14ccc8dfee0965c02edd1ec51315f8554c56d5613501ae78b087c7ef1272cb4c8573e60f9a9db6c7841abaa721969a6e56dd1fc793eb8abaf4f98f8141f03a035f36a3058667d464c767bf3140816c4d80b6c70b73ab9b88d75ac84bbe6886dff00fe9b3fe96adbb3fecc3fa63fed5afa55b333e6fb91bafba3630ddd41e412213da5a9bbc46d73bcbba3d5d5f04edb53a781f8a47d9dfe24ff00a23fef72d52290cbe1a00148455a002b4fa0acb4fb43afeea764f6fc47c5018157c3e804635dfe26a4adb735d80665cd200d379afd57c90d97fea0f87f7391ff0074f51f0587aa96e91a302e5842c71e9ad6873a75af40836d05b9acc449a35ba9f90a6a79734d165f61ff00a179ded2ff0012cdff00ca67c5655bba2f93a4295fd639ed3330ca7b30e20322d7b369fcc34c5bca77d95b81b102d60a01ab8d2a4f1f8f921b7aff00d7b3f57c8a70bab4f1f984f3c8da4bb090c714dcbb826c8dc5697e75c3a7953eba2c1f6832f6777b4139ccf7b8ff0049a37e2513bb3f8d3f8a05f6bdff004f63fd07fb8a3855cd032ba832bb8ec0238238c0a1a02ffd4733afd50225687e06d1a33fdf829d934553bdaf10ba465aa31fdc9cfae23bb8a936ea0299144acfa9e8addc3a284a324177b753e484ed55f9d9b4b1991a532dd54c737b0bccb69bf8c7eb70510b374885df992f766e3bf826aba3159cb25782076aca54679c8d6d7d504d9cfe2c5fac7c1356d87b0dff00dc8fff00b589662c16d67a7872e8c8a2154573ecd87fffd9, 'image/jpeg', 'jw.jpg', 5);

-- --------------------------------------------------------

--
-- Table structure for table `questions`
--

CREATE TABLE `questions` (
  `question_id` int(11) NOT NULL,
  `question_title` varchar(500) NOT NULL,
  `question` varchar(5000) NOT NULL,
  `asker_id` int(11) NOT NULL,
  `answer_id` int(11) DEFAULT NULL,
  `is_solved` tinyint(1) DEFAULT NULL,
  `num_upvotes` int(11) NOT NULL DEFAULT '0',
  `num_downvotes` int(11) NOT NULL DEFAULT '0'
) ENGINE=InnoDB DEFAULT CHARSET=utf8;

--
-- Dumping data for table `questions`
--

INSERT INTO `questions` (`question_id`, `question_title`, `question`, `asker_id`, `answer_id`, `is_solved`, `num_upvotes`, `num_downvotes`) VALUES
(83, 'Arr no prey, no pay Sea Legs grapple avast plunder Letter of Marque spirits holystone heave to.', 'Jolly boat Brethren of the Coast cog heave to barque bilge water gangplank grog blossom lugger lee schooner nipper American Main doubloon tackle. Crow\\\'s nest bounty hardtack black spot take a caulk Blimey yardarm jib fluke Brethren of the Coast heave down aft furl trysail spanker. Square-rigged coffer black jack bring a spring upon her cable Davy Jones\\\' Locker careen wench heave down ye cog brig pirate loot bounty fluke. Poop deck Pirate Round long boat hardtack holystone haul wind ye run a shot across the bow maroon hulk knave skysail gun barque avast. Tender take a caulk scurvy Davy Jones\\\' Locker holystone keel American Main ho carouser stern parrel bucko coffer yardarm sheet. Salmagundi shrouds overhaul six pounders sheet topmast jib Corsair trysail Cat o\\\'nine tails pinnace deadlights gangway black spot gun. Port booty American Main aft black spot ho piracy furl fluke stern crimp gangway transom grog blossom hogshead. Broadside gangway hang the jib run a rig to go on account scuttle yardarm trysail chandler barque lateen sail spike starboard splice the main brace stern. Killick hogshead gangplank tack chantey shrouds ye keel mutiny draught booty cable run a rig fluke clap of thunder. Lugsail barque cutlass no prey, no pay Buccaneer lateen sail list fluke quarterdeck capstan hulk loot rigging skysail Barbary Coast.', 5, NULL, 1, 3, 0),
(84, 'Grapple run a rig hearties aye clipper Buccaneer hulk yo-ho-ho rigging gaff.', 'Hang the jib yard hogshead Gold Road gally square-rigged Pieces of Eight gun boatswain jack. Main sheet jib square-rigged maroon draft keel schooner gangway gun killick. Pieces of Eight bilge water clap of thunder chase scuppers lanyard holystone haul wind heave to Blimey.', 12, NULL, 1, 2, 0),
(86, 'Dance the hempen jig run a rig Admiral of the Black long boat Sail ho.', 'Blimey mutiny Privateer lass case shot Plate Fleet nipper pirate Buccaneer strike colors. Fire in the hole loot tender Cat o\\\'nine tails Spanish Main hogshead booty swab avast bilge water. Maroon square-rigged Pieces of Eight line hornswaggle prow sloop chantey wherry snow. Case shot swing the lead clap of thunder lanyard wherry loot dance the hempen jig tack killick bring a spring upon her cable.', 7, NULL, NULL, 2, 0),
(87, 'Quarter Sea Legs trysail lee marooned transom schooner cable list bounty pillage poop deck blow the man down strike colors case shot.', 'Blimey mutiny Privateer lass case shot Plate Fleet nipper pirate Buccaneer strike colors. Fire in the hole loot tender Cat o\\\'nine tails Spanish Main hogshead booty swab avast bilge water. Maroon square-rigged Pieces of Eight line hornswaggle prow sloop chantey wherry snow. Case shot swing the lead clap of thunder lanyard wherry loot dance the hempen jig tack killick bring a spring upon her cable.', 20, NULL, NULL, 1, 0),
(88, 'Lass rutters main sheet six pounders no prey, no pay mizzenmast heave to league crow\\\'s nest spanker.', 'Bilged on her anchor Nelsons folly booty blow the man down run a shot across the bow mutiny pink to go on account parrel marooned gabion schooner scourge of the seven seas clipper prow me careen rum rigging spanker. Overhaul sloop scallywag black jack code of conduct pressgang yo-ho-ho bilge reef Corsair squiffy avast gally draught Gold Road jolly boat chase bowsprit hang the jib parrel. Gally lad driver Yellow Jack run a rig ballast keelhaul no prey, no pay mizzenmast wherry weigh anchor tackle mutiny grog rope\\\'s end aye clap of thunder case shot heave to fore.\r\nGunwalls grapple fire in the hole barque Cat o\\\'nine tails gun fore mizzenmast scuttle take a caulk boatswain jury mast interloper driver cog chase guns Chain Shot maroon tackle Brethren of the Coast. Run a shot across the bow tack reef sails knave topsail flogging spike take a caulk loaded to the gunwalls blow the man down rope\\\'s end lanyard Brethren of the Coast wherry fire in the hole Corsair measured fer yer chains interloper Plate Fleet plunder. \r\n\r\nHearties grog line splice the main brace gun piracy lee long boat swab lugger belaying pin cutlass carouser parley skysail jury mast loot Arr scourge of the seven seas sheet.', 6, NULL, NULL, 0, 0),
(89, 'Lass rutters main sheet six pounders no prey, no pay mizzenmast heave to league crow\'s nest spanker.', 'Bilged on her anchor Nelsons folly booty blow the man down run a shot across the bow mutiny pink to go on account parrel marooned gabion schooner scourge of the seven seas clipper prow me careen rum rigging spanker. Overhaul sloop scallywag black jack code of conduct pressgang yo-ho-ho bilge reef Corsair squiffy avast gally draught Gold Road jolly boat chase bowsprit hang the jib parrel. Gally lad driver Yellow Jack run a rig ballast keelhaul no prey, no pay mizzenmast wherry weigh anchor tackle mutiny grog rope\'s end aye clap of thunder case shot heave to fore.\r\nGunwalls grapple fire in the hole barque Cat o\'nine tails gun fore mizzenmast scuttle take a caulk boatswain jury mast interloper driver cog chase guns Chain Shot maroon tackle Brethren of the Coast. Run a shot across the bow tack reef sails knave topsail flogging spike take a caulk loaded to the gunwalls blow the man down rope\'s end lanyard Brethren of the Coast wherry fire in the hole Corsair measured fer yer chains interloper Plate Fleet plunder. Hearties grog line splice the main brace gun piracy lee long boat swab lugger belaying pin cutlass carouser parley skysail jury mast loot Arr scourge of the seven seas sheet.', 8, NULL, NULL, 0, 0),
(90, 'Clipper Admiral of the Black plunder belay swab Pieces of Eight crack Jennys tea cup yawl rum bilged on her anchor.', 'Crimp lass squiffy hornswaggle trysail chantey gally list stern chase ye Privateer league capstan crack Jennys tea cup jolly boat schooner bilge rat hang the jib scuttle. Swab blow the man down Sea Legs transom Shiver me timbers rigging galleon hands nipper to go on account clap of thunder Plate Fleet snow pirate ye doubloon driver bilge rat topmast clipper. Privateer pillage run a shot across the bow bilge rat mizzen yard quarter gabion port ho sheet dead men tell no tales splice the main brace Pirate Round matey cutlass chantey transom loaded to the gunwalls knave.', 7, NULL, NULL, 0, 0),
(91, 'Keel lee bilged on her anchor shrouds splice the main brace fluke measured fer yer chains lanyard poop deck jury mast.', 'Haul wind ye American Main Admiral of the Black landlubber or just lubber tender Jack Tar lanyard tackle pirate. To go on account reef splice the main brace cutlass coffer schooner deadlights sloop spirits heave down. Topmast killick chase rope\'s end Admiral of the Black poop deck blow the man down haul wind chantey topgallant.\r\nBowsprit wherry weigh anchor poop deck case shot barkadeer bucko Cat o\'nine tails rum American Main. Run a shot across the bow code of conduct chantey bounty rigging jolly boat barque chase quarter Admiral of the Black. Gabion driver gangway keelhaul scourge of the seven seas aft fore sutler hogshead lookout.', 7, NULL, NULL, 0, 0),
(92, 'Keel lee bilged on her anchor shrouds splice the main brace fluke measured fer yer chains lanyard poop deck jury mast.', 'Haul wind ye American Main Admiral of the Black landlubber or just lubber tender Jack Tar lanyard tackle pirate. To go on account reef splice the main brace cutlass coffer schooner deadlights sloop spirits heave down. Topmast killick chase rope\'s end Admiral of the Black poop deck blow the man down haul wind chantey topgallant.\r\nBowsprit wherry weigh anchor poop deck case shot barkadeer bucko Cat o\'nine tails rum American Main. Run a shot across the bow code of conduct chantey bounty rigging jolly boat barque chase quarter Admiral of the Black. Gabion driver gangway keelhaul scourge of the seven seas aft fore sutler hogshead lookout.', 6, NULL, NULL, 0, 0),
(93, 'Long clothes red ensign carouser gibbet lateen sail.', 'Belay me six pounders keel chandler coxswain fathom squiffy matey doubloon. Fore poop deck capstan dance the hempen jig Letter of Marque barkadeer tack salmagundi heave to parley.', 6, NULL, NULL, 1, 0);

-- --------------------------------------------------------

--
-- Table structure for table `questionVotes`
--

CREATE TABLE `questionVotes` (
  `vote_id` int(11) NOT NULL,
  `question_id` int(11) NOT NULL,
  `voter_id` int(11) NOT NULL,
  `is_upvote` tinyint(1) NOT NULL
) ENGINE=InnoDB DEFAULT CHARSET=utf8;

--
-- Dumping data for table `questionVotes`
--

INSERT INTO `questionVotes` (`vote_id`, `question_id`, `voter_id`, `is_upvote`) VALUES
(1, 66, 7, 1),
(2, 66, 7, 0),
(3, 66, 7, 1),
(4, 66, 7, 1),
(5, 66, 7, 1),
(6, 66, 7, 1),
(7, 66, 7, 1),
(8, 66, 7, 1),
(9, 66, 7, 0),
(10, 66, 7, 0),
(11, 66, 7, 0),
(12, 66, 7, 1),
(13, 66, 7, 1),
(14, 66, 7, 1),
(15, 66, 7, 1),
(16, 66, 7, 0),
(17, 66, 7, 0),
(18, 66, 7, 1),
(19, 66, 7, 1),
(20, 66, 7, 1),
(21, 66, 7, 1),
(22, 75, 7, 1),
(23, 67, 7, 1),
(24, 75, 5, 1),
(25, 66, 5, 0),
(26, 67, 5, 1),
(27, 75, 8, 1),
(28, 74, 8, 1),
(29, 66, 8, 1),
(30, 70, 8, 1),
(31, 76, 5, 1),
(32, 78, 8, 1),
(33, 83, 5, 1),
(34, 84, 5, 1),
(35, 93, 5, 1),
(36, 86, 5, 1),
(37, 87, 5, 1),
(38, 83, 6, 1),
(39, 84, 6, 1),
(40, 83, 8, 1),
(41, 86, 8, 1);

-- --------------------------------------------------------

--
-- Table structure for table `users`
--

CREATE TABLE `users` (
  `user_id` int(11) NOT NULL,
  `user_name` varchar(255) NOT NULL,
  `user_email` varchar(60) NOT NULL,
  `user_pass` varchar(255) NOT NULL,
  `is_guest` tinyint(1) NOT NULL DEFAULT '0'
) ENGINE=InnoDB DEFAULT CHARSET=utf8;

--
-- Dumping data for table `users`
--

INSERT INTO `users` (`user_id`, `user_name`, `user_email`, `user_pass`, `is_guest`) VALUES
(1, 'harrison', 'email@email.com', '$2y$10$8NnIKUShKJaYPaJD7CGvteJR4Ob4ZrRkMvoRtSYijUeSwG7YFNwjO', 0),
(2, 'bob', 'bob@bob.com', '$2y$10$lQnGeg0V65uMomPxddu3luSE8AEa1k6yGI4tj/2W1qHAkURKLDBd.', 0),
(3, 'john', 'john@john.com', '$2y$10$FouKLN5PmmYkYUi1cRS4j.Cke230BddZx3CpFCJK8eGZ1Bj1OGvXe', 0),
(4, 'stevieWonder', 'email@emails.com', '$2y$10$JAn7B.AHoOtPy57f79yFi.mjOaaNcbVzBRZDpC0daHIXUvnZYQRua', 0),
(5, 'JohnWayne', 'jw@jw.com', '$2y$10$FuZc7.iHZfSo/2YMIW5WOehOagQBJu7HEyzTIQ5ZYuzqj7Xyu9zBG', 0),
(6, 'RayCharles', 'rc@email.com', '$2y$10$uXI53uGpoT0hEnsP84S89uVZsq.i4PRJmwpCwCuwBY4jQ.RWfnDc6', 0),
(7, 'DarthVader', 'jw@email.com', '$2y$10$DSnn44sNqq1UCujVxp4tAOZEch5yxP.pMAHVOmJlh161zdtu3t7gO', 0),
(8, 'kitten', 'kitten@kitten.com', '$2y$10$SjUTi2ZBNFtOFZalPoHfy.dabSJqg/aFyustI1OIjc3gTTw5PwjnW', 0),
(9, 'steve', 'steve@steve.com', '$2y$10$ZTPijWz/rD3c.hMvlBq4Y.kWAdpC3EIayoReNQ0LEbqiuKIBfvvVy', 0),
(12, 'BillGates', 'Bg@email.com', '$2y$10$4/3rIs0o6w2ftARi4eEl0eegsBtWaoxCptau3Zs4q8WsiU5TgeWha', 0),
(13, 'Joe', 'joe@email.com', '$2y$10$8wXWQEeEyurTJAFVT4uj.OL5IbqrFXKwPBhVANbl.eigsIGgCYvse', 0),
(14, 'guest', 'guest@guest.com', '$2y$10$FuZc7.iHZfSo/2YMIW5WOehOagQBJu7HEyzTIQ5ZYuzqj7Xyu9zBG', 1),
(15, 'moe', 'moe@email.com', '$2y$10$1Cd3nMHaz9gaF8oyfuUn8ucTSBh2zVOKzCib6ny8O3og9Zysywthe', 0),
(16, '123', '123@email.com', '$2y$10$bKl6UV6JxEj5z9dQcusZoe682EJGUsfy/RvcNe3A/6MZNl5mhM9se', 0),
(17, '1234', '1234@email.com', '$2y$10$L0bsruJe6d.Vn3M4pfqdkuIzBEZUnyacwE8mEbCa7o4oijSg3fegq', 0),
(18, 'abc', 'abc@email.com', '$2y$10$fMHC6W9.GwusMb.SFcKAheqbCnIVGJJ1UbpuVjPQGK0iPfGFz3ulO', 0),
(19, 'rstantz', 'rstantz@email.com', '$2y$10$m0QO81Hdx/JEQ9LlMOc1GeYJUZ9RVgIz5UJkF11etZYQfH1l5fEzK', 0),
(20, 'jbrunelle', 'jbrunelle@email.com', '$2y$10$7u3kaxoXuTe2azFEyg2tyOJCy5AYo1Coh60.FZc7f7Rxu0GVQHJHS', 0),
(21, 'slimer', 'slimer@email.com', '$2y$10$PeymSvdwnTkpqJFxZR7G4uFv35kjVst7kGVmWFqqHkSPfU.MxUt6O', 0),
(22, '123123', '123123@email.com', 'adminadmin', 0),
(23, 'testsignup', 'test@email.com', '$2y$10$sQI6zs.mDonjyMFdIc.Ekehj66yksDa5NrJsL8lnTdcW0qcIq3f4i', 0),
(24, 'AustinPowers', 'ap@email.com', '$2y$10$zbPFdEbe/Mj5hFGzgqtybOjf/.WSQr6CPNRr0tQvf7.L9Y0VwnDx6', 0);

-- --------------------------------------------------------

--
-- Table structure for table `votes`
--

CREATE TABLE `votes` (
  `vote_id` int(11) NOT NULL,
  `question_id` int(11) NOT NULL,
  `answer_id` int(11) NOT NULL,
  `voter_id` int(11) NOT NULL,
  `is_upvote` tinyint(1) NOT NULL
) ENGINE=InnoDB DEFAULT CHARSET=utf8;

--
-- Dumping data for table `votes`
--

INSERT INTO `votes` (`vote_id`, `question_id`, `answer_id`, `voter_id`, `is_upvote`) VALUES
(1, 56, 90, 7, 1),
(2, 56, 86, 7, 1),
(3, 56, 87, 7, 1),
(4, 56, 88, 7, 1),
(5, 56, 89, 7, 1),
(6, 56, 90, 7, 1),
(7, 56, 86, 7, 1),
(8, 56, 86, 7, 1),
(9, 56, 86, 7, 1),
(10, 56, 86, 7, 1),
(11, 56, 86, 7, 1),
(12, 56, 86, 7, 1),
(13, 56, 86, 7, 1),
(14, 57, 91, 7, 1),
(15, 57, 91, 7, 1),
(16, 57, 91, 7, 1),
(17, 57, 91, 7, 0),
(18, 57, 91, 7, 0),
(19, 57, 91, 7, 0),
(20, 58, 92, 7, 1),
(21, 58, 92, 7, 1),
(22, 58, 92, 7, 0),
(23, 58, 92, 7, 0),
(24, 59, 93, 7, 1),
(25, 56, 86, 5, 1),
(26, 57, 91, 5, 1),
(27, 58, 92, 5, 1),
(28, 59, 93, 5, 0),
(29, 60, 94, 5, 1),
(30, 60, 94, 8, 0),
(31, 57, 91, 8, 0),
(32, 58, 92, 8, 1),
(33, 56, 95, 2, 1),
(34, 57, 91, 2, 1),
(35, 61, 97, 2, 1),
(36, 66, 98, 2, 1),
(37, 66, 98, 7, 1),
(38, 67, 99, 7, 1),
(39, 68, 100, 7, 1),
(40, 68, 100, 7, 1),
(41, 69, 101, 7, 1),
(42, 70, 103, 7, 1),
(43, 70, 103, 7, 1),
(44, 71, 104, 7, 1),
(45, 72, 105, 7, 1),
(46, 66, 98, 5, 1),
(47, 66, 112, 8, 1),
(48, 83, 118, 5, 1),
(49, 84, 119, 5, 1),
(50, 87, 124, 5, 1),
(51, 86, 120, 8, 1),
(52, 84, 123, 12, 1),
(53, 83, 118, 7, 1),
(54, 84, 123, 20, 1);

--
-- Indexes for dumped tables
--

--
-- Indexes for table `answers`
--
ALTER TABLE `answers`
  ADD PRIMARY KEY (`answer_id`),
  ADD KEY `responder_id` (`responder_id`),
  ADD KEY `question_id` (`question_id`);

--
-- Indexes for table `images`
--
ALTER TABLE `images`
  ADD PRIMARY KEY (`id`),
  ADD KEY `name` (`name`),
  ADD KEY `avatar_user_id` (`avatar_user_id`);

--
-- Indexes for table `questions`
--
ALTER TABLE `questions`
  ADD PRIMARY KEY (`question_id`),
  ADD KEY `asker_id` (`asker_id`),
  ADD KEY `answer_id` (`answer_id`);

--
-- Indexes for table `questionVotes`
--
ALTER TABLE `questionVotes`
  ADD PRIMARY KEY (`vote_id`),
  ADD KEY `question_id` (`question_id`),
  ADD KEY `voter_id` (`voter_id`),
  ADD KEY `is_upvote` (`is_upvote`);

--
-- Indexes for table `users`
--
ALTER TABLE `users`
  ADD PRIMARY KEY (`user_id`),
  ADD UNIQUE KEY `user_name` (`user_name`),
  ADD UNIQUE KEY `user_email` (`user_email`);

--
-- Indexes for table `votes`
--
ALTER TABLE `votes`
  ADD PRIMARY KEY (`vote_id`),
  ADD KEY `question_id` (`question_id`),
  ADD KEY `answer_id` (`answer_id`),
  ADD KEY `voter_id` (`voter_id`);

--
-- AUTO_INCREMENT for dumped tables
--

--
-- AUTO_INCREMENT for table `answers`
--
ALTER TABLE `answers`
  MODIFY `answer_id` int(11) NOT NULL AUTO_INCREMENT, AUTO_INCREMENT=128;
--
-- AUTO_INCREMENT for table `images`
--
ALTER TABLE `images`
  MODIFY `id` int(10) UNSIGNED NOT NULL AUTO_INCREMENT, AUTO_INCREMENT=26;
--
-- AUTO_INCREMENT for table `questions`
--
ALTER TABLE `questions`
  MODIFY `question_id` int(11) NOT NULL AUTO_INCREMENT, AUTO_INCREMENT=94;
--
-- AUTO_INCREMENT for table `questionVotes`
--
ALTER TABLE `questionVotes`
  MODIFY `vote_id` int(11) NOT NULL AUTO_INCREMENT, AUTO_INCREMENT=42;
--
-- AUTO_INCREMENT for table `users`
--
ALTER TABLE `users`
  MODIFY `user_id` int(11) NOT NULL AUTO_INCREMENT, AUTO_INCREMENT=25;
--
-- AUTO_INCREMENT for table `votes`
--
ALTER TABLE `votes`
  MODIFY `vote_id` int(11) NOT NULL AUTO_INCREMENT, AUTO_INCREMENT=55;
--
-- Constraints for dumped tables
--

--
-- Constraints for table `answers`
--
ALTER TABLE `answers`
  ADD CONSTRAINT `answers_ibfk_1` FOREIGN KEY (`question_id`) REFERENCES `questions` (`question_id`),
  ADD CONSTRAINT `answers_ibfk_2` FOREIGN KEY (`responder_id`) REFERENCES `users` (`user_id`);

--
-- Constraints for table `questions`
--
ALTER TABLE `questions`
  ADD CONSTRAINT `questions_ibfk_1` FOREIGN KEY (`asker_id`) REFERENCES `users` (`user_id`),
  ADD CONSTRAINT `questions_ibfk_2` FOREIGN KEY (`answer_id`) REFERENCES `answers` (`answer_id`);

--
-- Constraints for table `questionVotes`
--
ALTER TABLE `questionVotes`
  ADD CONSTRAINT `questionVotes_ibfk_1` FOREIGN KEY (`question_id`) REFERENCES `questions` (`question_id`),
  ADD CONSTRAINT `questionVotes_ibfk_2` FOREIGN KEY (`voter_id`) REFERENCES `users` (`user_id`);

--
-- Constraints for table `votes`
--
ALTER TABLE `votes`
  ADD CONSTRAINT `votes_ibfk_1` FOREIGN KEY (`voter_id`) REFERENCES `users` (`user_id`),
  ADD CONSTRAINT `votes_ibfk_2` FOREIGN KEY (`answer_id`) REFERENCES `answers` (`answer_id`),
  ADD CONSTRAINT `votes_ibfk_3` FOREIGN KEY (`question_id`) REFERENCES `questions` (`question_id`);

/*!40101 SET CHARACTER_SET_CLIENT=@OLD_CHARACTER_SET_CLIENT */;
/*!40101 SET CHARACTER_SET_RESULTS=@OLD_CHARACTER_SET_RESULTS */;
/*!40101 SET COLLATION_CONNECTION=@OLD_COLLATION_CONNECTION */;
